--Enumerated values for menu types
INSERT INTO MenuLookupTable (menu) VALUES
  ('Evening'),
  ('Lunch'),
  ('Children''s'),
  ('Sunday Brunch Buffet');

--Enumerated values for spice lookup table
INSERT INTO SpiceValueLookupTable (spiceValue) VALUES
  ('Mild'),
  ('Tangy'),
  ('Piquant'),
  ('Hot'),
  ('OH MY GOD');

--Enumerated values for category lookup tables
INSERT INTO CategoryLookupTable (category) VALUES
  ('Appetizer'),
  ('Soup'),
  ('Meat Entrees'),
  ('Chow Mein'),
  ('Egg Foo Young'),
  ('Chop Suey');

--Data for Categories
INSERT INTO Categories (itemName, category) VALUES
  ('Dumpling (Potsitckers)(10)', 'Appetizer'),
  ('Steamed Ham', 'Appetizer'),
  ('Wonton Soup', 'Soup'),
  ('Egg Flower Soup', 'Soup'),
  ('Sweet and Sour Pork', 'Meat Entrees'),
  ('Sweet and Sour Chicken', 'Meat Entrees'),
  ('Beef w. Broccoli', 'Meat Entrees'),
  ('Shrimp w. Mixed Vegetables', 'Meat Entrees'),
  ('Shrimp w. Garlic Sauce', 'Meat Entrees'),
  ('Stir Fried Vegetable', 'Meat Entrees'),
  ('BBQ Pork Chow Mein', 'Chow Mein'),
  ('House Special Chow Mein', 'Chow Mein'),
  ('Chicken Chow Mein', 'Chow Mein'),
  ('Beef Chow Mein', 'Chow Mein'),
  ('House Special Egg Foo Young', 'Egg Foo Young'),
  ('Chicken Egg Foo Young', 'Egg Foo Young'),
  ('BBQ Pork Egg Foo Young', 'Egg Foo Young'),
  ('Beef Egg Foo Young', 'Egg Foo Young'),
  ('Beef Chop Suey', 'Chop Suey'),
  ('BBQ Pork Chop Suey', 'Chop Suey'),
  ('Chicken Chop Suey', 'Chop Suey'),
  ('House Special Chop Suey', 'Chop Suey'),
  ('Salted Pepper Calamari', 'Appetizer'),
  ('Moo Shu Pork/Chicken/Beef', 'Appetizer'),
  ('Moo Shu Shrimp', 'Appetizer'),
  ('Peking Pork Chop', 'Meat Entrees'),
  ('Sweet and Pungent Shrimp', 'Meat Entrees'),
  ('General Tsao Chicken', 'Meat Entrees'),
  ('Pork w. Mixed Vegetables', 'Meat Entrees'),
  ('Curry Chicken', 'Meat Entrees'),
  ('Chicken w. Vegetable', 'Meat Entrees'),
  ('Beef w. Ginger and Green Onion', 'Meat Entrees'),
  ('Mongolian Beef', 'Meat Entrees'),
  ('Beef w. Mixed Vegetables', 'Meat Entrees'),
  ('Cashew Shrimp', 'Meat Entrees'),
  ('Shrimp Chow Mein', 'Chow Mein'),
  ('Vegetable Chow Mein', 'Chow Mein'),
  ('Shrimp Egg Foo Young', 'Egg Foo Young'),
  ('Vegetable Egg Foo Young', 'Egg Foo Young'),
  ('Shrimp Chop Suey', 'Chop Suey'),
  ('Vegetables Chop Suey', 'Chop Suey');

--data for customers
INSERT INTO Customer (CID, CName, Email, MaxSpiceLevel) VALUES
INSERT INTO Customer (CID,CName,Email,MaxSpiceLevel) VALUES (1,"Leila Guerrero","lectus.ante.dictum@Nullamscelerisque.co.uk","Hot"),(2,"Gloria Ellison","tristique@Sed.org","Mild"),(3,"Amelia Wilkins","rutrum@dolorFusce.net","Mild"),(4,"Camille Bradford","adipiscing.enim@penatibusetmagnis.ca","Piquant"),(5,"Debra Malone","molestie.tellus.Aenean@velturpis.co.uk","Mild"),(6,"Ignacia Newton","volutpat.Nulla@Integertincidunt.edu","Mild"),(7,"Mariam Navarro","Nam.ac@lectus.org","Piquant"),(8,"Shelly Baldwin","Praesent.interdum@justoPraesent.co.uk","Mild"),(9,"Adena Hancock","Donec.luctus@semmolestiesodales.co.uk","Mild"),(10,"Clare Wilder","luctus.felis@vulputateullamcorper.ca","Tangy");
INSERT INTO Customer (CID,CName,Email,MaxSpiceLevel) VALUES (11,"Rowan Hanson","mi.Duis@mattisCraseget.net","Piquant"),(12,"Sydnee Richard","natoque.penatibus@arcu.org","Tangy"),(13,"Lacey Ayala","mauris.elit@nislNullaeu.ca","Hot"),(14,"Dana Hood","porttitor.eros@consectetueripsumnunc.net","Piquant"),(15,"Fatima Kinney","consequat@Quisquenonummy.co.uk","Tangy"),(16,"Tanisha Mann","pellentesque.tellus.sem@dignissimlacus.ca","Tangy"),(17,"McKenzie Conley","tempus.scelerisque.lorem@nonummy.edu","Tangy"),(18,"Orli Raymond","Maecenas.malesuada.fringilla@semper.net","Piquant"),(19,"Daryl Rosa","eleifend@placeratorci.org","Piquant"),(20,"Isabella Mayo","non@etpede.co.uk","Mild");
INSERT INTO Customer (CID,CName,Email,MaxSpiceLevel) VALUES (21,"Julie Cash","nascetur@sagittis.net","Tangy"),(22,"Aretha Walker","congue.a.aliquet@vulputateullamcorper.org","Piquant"),(23,"Winter Dejesus","risus.quis.diam@parturientmontesnascetur.net","Mild"),(24,"Venus Shannon","velit@Curabitur.co.uk","Hot"),(25,"Zoe Graves","id.mollis@aliquet.net","Piquant"),(26,"Cheyenne Rodgers","mattis.Integer.eu@sodales.ca","Mild"),(27,"Autumn Ortiz","eget.massa@per.net","Hot"),(28,"Adrienne Mcbride","lorem@turpisegestasAliquam.co.uk","Mild"),(29,"Joelle Park","pede.Cum@utcursusluctus.ca","Tangy"),(30,"Nevada Rocha","vestibulum.lorem.sit@at.edu","Hot");
INSERT INTO Customer (CID,CName,Email,MaxSpiceLevel) VALUES (31,"Portia Kim","hymenaeos.Mauris.ut@mattis.edu","Piquant"),(32,"Jolie Prince","id.enim@justoProinnon.ca","Piquant"),(33,"Hadley Duran","imperdiet.ullamcorper@Quisque.co.uk","Piquant"),(34,"Petra Bell","nisi.sem.semper@Nullamvitaediam.co.uk","Mild"),(35,"Dora Duran","leo.elementum@diamPellentesque.edu","Mild"),(36,"Penelope Sheppard","Sed.pharetra.felis@mitemporlorem.edu","Tangy"),(37,"Fiona Kelley","elit.Aliquam@sed.net","Mild"),(38,"Ina Maxwell","sem.vitae@Aliquameratvolutpat.com","Tangy"),(39,"Madeline Hartman","semper.dui.lectus@erat.com","Mild"),(40,"Anika Church","Quisque.varius.Nam@lectusjustoeu.co.uk","Tangy");
INSERT INTO Customer (CID,CName,Email,MaxSpiceLevel) VALUES (41,"Teegan Vincent","in@massa.edu","Hot"),(42,"Brenda Trevino","turpis.egestas.Fusce@Vivamuseuismod.co.uk","Mild"),(43,"Yael Humphrey","taciti.sociosqu@famesacturpis.ca","Tangy"),(44,"Hannah Page","a@Inatpede.co.uk","Mild"),(45,"Diana Clayton","dui@ultricesDuisvolutpat.org","Hot"),(46,"Lana Sears","quis@amagna.edu","Tangy"),(47,"Catherine Campos","libero.Donec.consectetuer@nec.com","Mild"),(48,"Naomi Stein","enim.Curabitur.massa@pharetra.co.uk","Tangy"),(49,"Xerxes Weaver","mollis.nec@liberomauris.co.uk","Mild"),(50,"Katelyn Rutledge","eu.enim@Nunc.net","Tangy");
INSERT INTO Customer (CID,CName,Email,MaxSpiceLevel) VALUES (51,"Briar Gibbs","felis@arcu.ca","Tangy"),(52,"Scarlet Sosa","bibendum@sociisnatoque.net","Hot"),(53,"Dorothy Riggs","Lorem.ipsum.dolor@Donecfeugiatmetus.ca","Mild"),(54,"Erica Callahan","tristique.neque@lacusvestibulumlorem.ca","Hot"),(55,"Winter Travis","mattis.Integer@nuncsedlibero.edu","Mild"),(56,"Germaine Edwards","sociis@Curabiturconsequatlectus.co.uk","Piquant"),(57,"Cailin Campbell","cursus@turpisnonenim.edu","Tangy"),(58,"Darryl Miles","enim@eleifend.edu","Hot"),(59,"Cailin Glenn","commodo.auctor@orci.com","Mild"),(60,"Leslie Witt","erat.vel@Maurisnulla.ca","Piquant");
INSERT INTO Customer (CID,CName,Email,MaxSpiceLevel) VALUES (61,"Idola Vinson","vitae.aliquam.eros@ligulaconsectetuerrhoncus.edu","Piquant"),(62,"Kessie Harding","nascetur@dictummi.com","Tangy"),(63,"Leilani Medina","senectus.et.netus@lacus.org","Hot"),(64,"Suki Leonard","aliquam.enim.nec@nuncrisusvarius.org","Mild"),(65,"Brittany Cote","bibendum.fermentum.metus@in.co.uk","Tangy"),(66,"Fallon Everett","pede.malesuada.vel@nonlobortis.com","Mild"),(67,"Frances Rodgers","amet.lorem.semper@maurissapien.org","Tangy"),(68,"May Horne","Quisque@tristique.co.uk","Piquant"),(69,"Keely Hewitt","ut.pharetra.sed@dictum.org","Mild"),(70,"Nola Gaines","luctus.sit.amet@egestaslacinia.edu","Mild");
INSERT INTO Customer (CID,CName,Email,MaxSpiceLevel) VALUES (71,"Sheila Morrison","ut.lacus@dapibusligula.co.uk","Mild"),(72,"Amy Glover","mauris@tellusid.ca","Mild"),(73,"Dora Bradshaw","Aenean.sed.pede@lacuspedesagittis.net","Piquant"),(74,"Amity Charles","volutpat@natoque.co.uk","Mild"),(75,"Virginia Hensley","ac.orci.Ut@sociisnatoque.org","Hot"),(76,"Katelyn Dyer","ipsum.dolor.sit@consequatpurusMaecenas.com","Tangy"),(77,"Ashely Newman","fermentum.arcu.Vestibulum@magna.org","Tangy"),(78,"Wynter Russo","enim.non@vitaerisusDuis.com","Mild"),(79,"Nora Waller","tincidunt@SedmolestieSed.net","Hot"),(80,"Abra Tran","viverra.Donec.tempus@consequat.co.uk","Hot");
INSERT INTO Customer (CID,CName,Email,MaxSpiceLevel) VALUES (81,"Sloane Salas","lectus.rutrum.urna@vitaesemperegestas.co.uk","Mild"),(82,"Idola Yang","Vivamus.nibh.dolor@vitaeorci.com","Tangy"),(83,"Adele Bishop","Duis@magnanecquam.net","Piquant"),(84,"Shannon Berry","aliquet.lobortis@Fuscealiquet.edu","Mild"),(85,"Maia Lloyd","vel.sapien.imperdiet@ametdapibusid.edu","Piquant"),(86,"Halee Holland","Duis.cursus@consequatpurus.co.uk","Piquant"),(87,"Melinda Howell","et.magnis@Nullaeu.net","Tangy"),(88,"Evelyn Vega","Sed.malesuada@utaliquam.com","Tangy"),(89,"Nadine Morrison","risus.Donec.egestas@inlobortis.com","Mild"),(90,"Bethany Gonzalez","et.libero.Proin@a.com","Tangy");
INSERT INTO Customer (CID,CName,Email,MaxSpiceLevel) VALUES (91,"Cherokee Lambert","erat.Vivamus.nisi@acorci.net","Tangy"),(92,"Carolyn Salas","id.sapien@quamdignissim.ca","Tangy"),(93,"Cameran Compton","metus.In.lorem@NuncmaurisMorbi.edu","Mild"),(94,"Sandra Heath","condimentum.eget.volutpat@faucibus.com","Piquant"),(95,"Colette Arnold","nunc.interdum.feugiat@pellentesquemassa.co.uk","Piquant"),(96,"Diana Mendez","erat@consequatenim.org","Tangy"),(97,"Regina Hahn","pede.ac@Sednullaante.co.uk","Hot"),(98,"Gay Burns","Nunc.ullamcorper.velit@temporbibendumDonec.co.uk","Hot"),(99,"Kerry Rosales","non.justo.Proin@euismodac.ca","Hot"),(100,"Evelyn Wall","massa.non.ante@nibh.net","Hot");
INSERT INTO Customer (CID,CName,Email,MaxSpiceLevel) VALUES (101,"Elliott Hunter","sodales.at.velit@elementumat.com","Mild"),(102,"Neve Romero","porttitor.tellus.non@morbitristique.ca","Hot"),(103,"Yolanda Powers","auctor.nunc@luctusCurabituregestas.net","Mild"),(104,"Wyatt Lee","magnis.dis@Proinegetodio.ca","Mild"),(105,"Craig Robertson","lectus@laoreet.edu","Tangy"),(106,"Keaton Salazar","natoque.penatibus.et@tempusrisus.com","Mild"),(107,"Trevor Weeks","nisi.a.odio@pellentesque.net","Piquant"),(108,"Jeanette Jennings","nulla.Integer.urna@egetlacusMauris.edu","Piquant"),(109,"Kenneth Barrett","gravida.molestie.arcu@nonummyut.net","Mild"),(110,"Aretha Beck","sapien@auctor.co.uk","Mild");
INSERT INTO Customer (CID,CName,Email,MaxSpiceLevel) VALUES (111,"Dale Barron","purus@pedeNuncsed.edu","Tangy"),(112,"Russell Glover","odio.Aliquam.vulputate@pede.net","Tangy"),(113,"Brent Orr","interdum.libero.dui@risus.com","Tangy"),(114,"Emery Vincent","ac.ipsum@Naminterdumenim.edu","Piquant"),(115,"Cherokee Aguirre","orci@ipsum.com","Mild"),(116,"Suki Watts","nec@atiaculis.net","Mild"),(117,"Quentin Sanford","vel.convallis@metusfacilisis.edu","Tangy"),(118,"Boris Mcknight","sem@Pellentesqueutipsum.ca","Piquant"),(119,"Abdul Mooney","enim@vestibulum.net","Piquant"),(120,"Farrah Burton","et.tristique.pellentesque@nunc.edu","Mild");
INSERT INTO Customer (CID,CName,Email,MaxSpiceLevel) VALUES (121,"Belle Goodwin","nec.tempus@luctuset.edu","Mild"),(122,"Carl Sutton","Maecenas.ornare@Inscelerisque.com","Mild"),(123,"Emma Porter","et@nibhQuisque.ca","Piquant"),(124,"Dieter Herrera","aliquet.diam@enimEtiamgravida.co.uk","Mild"),(125,"Timothy Miranda","Nulla.eget.metus@nulla.org","Hot"),(126,"Hop Scott","Curae.Donec@aliquamarcu.edu","Piquant"),(127,"Hashim Hayes","iaculis@tinciduntpede.org","Hot"),(128,"Noelani Christian","ultrices.Duis.volutpat@mi.org","Piquant"),(129,"Barry May","nec@tinciduntaliquamarcu.co.uk","Mild"),(130,"Kylie Pitts","enim@felis.com","Piquant");
INSERT INTO Customer (CID,CName,Email,MaxSpiceLevel) VALUES (131,"Kylie Conrad","risus.varius.orci@aliquam.co.uk","Mild"),(132,"Camden Frank","augue.eu.tellus@ut.org","Tangy"),(133,"Jerry Wilcox","auctor@nibh.edu","Hot"),(134,"Noelle Head","pede@etmagnaPraesent.org","Mild"),(135,"Jenna Wagner","porttitor.interdum@accumsanconvallisante.ca","Tangy"),(136,"Barrett Carrillo","ante@euismod.edu","Tangy"),(137,"Kieran Mcconnell","faucibus.orci@malesuadavel.co.uk","Tangy"),(138,"Lilah Hooper","purus.Duis@Cum.edu","Mild"),(139,"Cruz Warren","ipsum.nunc.id@nascetur.edu","Hot"),(140,"Yen Brennan","nec@consectetuercursuset.edu","Tangy");
INSERT INTO Customer (CID,CName,Email,MaxSpiceLevel) VALUES (141,"Michelle Quinn","risus.Nunc@tinciduntadipiscingMauris.net","Mild"),(142,"Jonah Romero","Maecenas.mi@lobortis.com","Piquant"),(143,"Reed Mccarthy","vestibulum.lorem@velvulputate.org","Mild"),(144,"Francis Burke","tincidunt.adipiscing.Mauris@diam.com","Tangy"),(145,"Candace Robertson","vestibulum.lorem.sit@Fuscefeugiat.ca","Mild"),(146,"Reece Lott","aliquet.Proin@etmagnisdis.ca","Piquant"),(147,"Amber Sandoval","mollis.lectus@ut.net","Hot"),(148,"Sacha Cole","dolor.Quisque.tincidunt@nibh.org","Tangy"),(149,"Oleg Gaines","Vestibulum.ante.ipsum@necligulaconsectetuer.org","Mild"),(150,"Conan Sanford","senectus.et.netus@nonlobortisquis.co.uk","Mild");
INSERT INTO Customer (CID,CName,Email,MaxSpiceLevel) VALUES (151,"Sybill Burt","Sed.neque.Sed@quisurnaNunc.co.uk","Mild"),(152,"Fredericka Baird","Sed.auctor.odio@arcuAliquam.edu","Tangy"),(153,"Veronica Mcclain","euismod.ac@Inscelerisque.net","Hot"),(154,"Kyle Dickson","vulputate.lacus.Cras@ac.co.uk","Piquant"),(155,"Tanek Bolton","volutpat.ornare.facilisis@massalobortisultrices.co.uk","Mild"),(156,"Mikayla Glover","tincidunt.aliquam@bibendumullamcorper.ca","Tangy"),(157,"Gay Hendricks","porttitor@miacmattis.com","Mild"),(158,"Hyacinth Norris","Cum@rhoncusid.com","Hot"),(159,"Marvin Leon","leo@odiovelest.org","Tangy"),(160,"Hall Espinoza","fermentum.risus@magnis.edu","Mild");
INSERT INTO Customer (CID,CName,Email,MaxSpiceLevel) VALUES (161,"Ruby Scott","semper.erat@sapiencursusin.net","Hot"),(162,"Quyn Wilkinson","nec.orci.Donec@ultricies.net","Hot"),(163,"Shellie Hogan","est.congue.a@ornaretortor.co.uk","Piquant"),(164,"Harlan Becker","faucibus.leo@Quisque.co.uk","Piquant"),(165,"Ocean Todd","ac.sem.ut@Donecat.ca","Tangy"),(166,"Tiger Hicks","ut.erat@ultriciesligulaNullam.ca","Tangy"),(167,"Hakeem Foreman","non@etpede.co.uk","Hot"),(168,"Desirae Rios","enim.diam@Pellentesqueut.com","Hot"),(169,"Anthony Sanford","tristique.pharetra.Quisque@nonsollicitudin.org","Tangy"),(170,"Alvin Snyder","arcu.Sed.eu@ultrices.org","Tangy");
INSERT INTO Customer (CID,CName,Email,MaxSpiceLevel) VALUES (171,"Valentine Salas","velit@nonummyipsum.org","Mild"),(172,"Priscilla Frank","mauris@nec.edu","Hot"),(173,"Malachi Rowe","justo.nec@ornareplacerat.ca","Piquant"),(174,"Ralph Delacruz","nec.cursus.a@senectus.edu","Tangy"),(175,"Yoko Hardy","a.odio.semper@leoin.org","Hot"),(176,"Meredith Meyers","pellentesque@urnanecluctus.com","Mild"),(177,"Blythe Houston","risus@Loremipsum.co.uk","Hot"),(178,"Fulton Wilson","purus@semmolestiesodales.org","Piquant"),(179,"Carson Flowers","tortor.nibh.sit@arcuCurabiturut.com","Piquant"),(180,"Angelica Morrow","ac.libero@magnaSedeu.ca","Piquant");
INSERT INTO Customer (CID,CName,Email,MaxSpiceLevel) VALUES (181,"Irene Barber","sed.libero.Proin@erat.net","Tangy"),(182,"Althea Rivers","leo@tinciduntDonecvitae.com","Mild"),(183,"Elliott Holmes","nascetur.ridiculus@Suspendissenon.co.uk","Piquant"),(184,"Dieter Jordan","tellus.Nunc@mollisduiin.co.uk","Tangy"),(185,"Xander Byers","Aliquam@aliquameros.net","Mild"),(186,"Alea Ramsey","natoque.penatibus.et@liberolacus.org","Piquant"),(187,"Brenden Velazquez","cursus@pedeet.co.uk","Piquant"),(188,"Amena Lamb","sapien.Nunc.pulvinar@lacusUt.org","Mild"),(189,"Molly Wilder","non@hymenaeos.edu","Piquant"),(190,"Sydney Pierce","sociis.natoque.penatibus@nibhdolornonummy.ca","Hot");
INSERT INTO Customer (CID,CName,Email,MaxSpiceLevel) VALUES (191,"Blair Davidson","nonummy.ac@risusodio.edu","Mild"),(192,"Rogan Lloyd","tortor.dictum.eu@erat.co.uk","Mild"),(193,"Fulton Buckner","sem.eget@massa.org","Hot"),(194,"Austin Rosales","tellus@tempor.ca","Mild"),(195,"Maris Dorsey","mus.Proin@lorem.edu","Piquant"),(196,"Amelia Mcclain","sem.vitae@eu.org","Mild"),(197,"Brent Ray","magna.a@tinciduntadipiscing.ca","Mild"),(198,"Galena Oconnor","mauris.sagittis.placerat@loremDonec.com","Tangy"),(199,"Arsenio Holcomb","enim.diam.vel@nisimagna.ca","Hot"),(200,"Carlos Jenkins","eu@luctus.net","Mild");
INSERT INTO Customer (CID,CName,Email,MaxSpiceLevel) VALUES (101,"Yvette White","molestie@Quisquenonummy.edu","Mild"),(102,"Summer Hess","tellus.sem.mollis@arcu.net","Piquant"),(103,"Mariko Hardin","ligula.tortor@eudolor.ca","Mild"),(104,"Zena Sanchez","dui.Fusce.aliquam@odiotristique.edu","Hot"),(105,"Kylee Hyde","hymenaeos@DonectinciduntDonec.com","Hot"),(106,"Leandra Short","non@tristiquepellentesquetellus.co.uk","Mild"),(107,"Charlotte Chang","sem@velit.com","Tangy"),(108,"Vera Barker","tempus.non@lobortisquama.net","Piquant"),(109,"Sarah Joseph","Nulla@Aliquam.org","Mild"),(110,"Adria Head","metus@nec.ca","Tangy");
INSERT INTO Customer (CID,CName,Email,MaxSpiceLevel) VALUES (111,"Lilah Forbes","sem.egestas@magnis.co.uk","Piquant"),(112,"Kylynn Cash","Fusce@purus.org","Tangy"),(113,"Stacey Copeland","lobortis@nislelementum.net","Mild"),(114,"Piper Mcneil","sapien.imperdiet.ornare@Nam.com","Mild"),(115,"Kelsey Stewart","quam@aenimSuspendisse.com","Hot"),(116,"Keiko Sargent","eu.odio@augueporttitorinterdum.org","Tangy"),(117,"Stella Norris","pede.Praesent.eu@Cras.co.uk","Hot"),(118,"Hedda Koch","placerat@loremtristiquealiquet.edu","Tangy"),(119,"Yeo Boyd","metus.eu@CuraePhasellus.com","Piquant"),(120,"Samantha Sampson","Suspendisse@rutrumFusce.net","Tangy");
INSERT INTO Customer (CID,CName,Email,MaxSpiceLevel) VALUES (121,"Mariam Cherry","nascetur@antedictum.co.uk","Hot"),(122,"Jillian Albert","libero@eteros.edu","Tangy"),(123,"Calista Gaines","Integer.mollis.Integer@magnaUt.edu","Mild"),(124,"Lillian Brooks","lectus.justo.eu@sed.com","Piquant"),(125,"April Wolf","mattis@temporloremeget.net","Piquant"),(126,"Rose Schroeder","ipsum.Curabitur@nisl.com","Piquant"),(127,"Chastity Golden","nunc@Vestibulumuteros.org","Hot"),(128,"Noel Bentley","mauris.id@imperdietullamcorperDuis.co.uk","Hot"),(129,"Erica Chavez","Class@ac.ca","Hot"),(130,"Idola Bender","gravida@purus.com","Tangy");
INSERT INTO Customer (CID,CName,Email,MaxSpiceLevel) VALUES (131,"Imelda Nguyen","Curabitur@consequatlectussit.com","Piquant"),(132,"MacKensie Mcgee","tempus.risus@pede.org","Mild"),(133,"Vivian Winters","et.netus@variusorci.org","Piquant"),(134,"Keiko Cardenas","ante@urna.com","Hot"),(135,"Cassady Rosa","Ut.semper.pretium@consectetueradipiscingelit.net","Hot"),(136,"Donna Gould","mi.ac@fermentum.org","Tangy"),(137,"Abra Patterson","Donec.tincidunt.Donec@sedconsequat.co.uk","Tangy"),(138,"Lillian Holmes","libero.Proin@aliquet.com","Mild"),(139,"Tanisha Chan","Suspendisse@ultricesposuerecubilia.net","Piquant"),(140,"Shannon Gray","lectus.sit.amet@Vestibulumante.co.uk","Tangy");
INSERT INTO Customer (CID,CName,Email,MaxSpiceLevel) VALUES (141,"Tana Mills","lorem.eu.metus@pulvinararcu.net","Mild"),(142,"Caryn Tillman","Nunc.ullamcorper.velit@arcuVivamus.net","Piquant"),(143,"Fleur Cash","pellentesque.massa.lobortis@orci.org","Mild"),(144,"Gail Moran","Phasellus.in.felis@aliquet.co.uk","Mild"),(145,"Alika Baldwin","neque@dapibus.edu","Hot"),(146,"Tanisha Arnold","eget.mollis.lectus@duisemperet.ca","Tangy"),(147,"Alana Herman","ac@loremegetmollis.net","Tangy"),(148,"Kiayada Lott","laoreet@ante.co.uk","Tangy"),(149,"Medge Mclaughlin","dapibus.id@vulputateeuodio.com","Piquant"),(150,"Nicole Dalton","facilisis.non.bibendum@blanditNamnulla.com","Mild");
INSERT INTO Customer (CID,CName,Email,MaxSpiceLevel) VALUES (151,"Constance Roberson","sagittis.felis@magnased.co.uk","Tangy"),(152,"Velma Doyle","urna.et.arcu@risus.com","Piquant"),(153,"Madaline Church","non.quam.Pellentesque@enimcondimentumeget.com","Mild"),(154,"Rama Fox","adipiscing.lacus.Ut@loremlorem.ca","Mild"),(155,"Melissa Bennett","ipsum@fringillapurusmauris.ca","Mild"),(156,"Yoko Huber","Donec@accumsaninterdum.net","Piquant"),(157,"Germane Gould","arcu@estNunclaoreet.ca","Mild"),(158,"Orli Ruiz","sit@velitdui.com","Tangy"),(159,"Mona Adkins","non.massa.non@felisullamcorper.co.uk","Piquant"),(160,"Pascale Morris","vitae.nibh@id.org","Tangy");
INSERT INTO Customer (CID,CName,Email,MaxSpiceLevel) VALUES (161,"Lillian Holland","tellus.eu.augue@In.ca","Piquant"),(162,"Dakota Bradley","nec.ante.blandit@acturpisegestas.org","Mild"),(163,"Charlotte Trujillo","nec.metus@nonarcu.org","Piquant"),(164,"Ivory Rosa","enim@egestas.net","Tangy"),(165,"Xandra Tucker","nec.mauris.blandit@Duis.org","Mild"),(166,"Serena Walsh","Nam.tempor@odiosagittis.ca","Tangy"),(167,"Hannah Mejia","rutrum.justo.Praesent@consequatnecmollis.org","Hot"),(168,"Mikayla Vasquez","lacus.pede.sagittis@acipsumPhasellus.edu","Mild"),(169,"Jolie Fox","metus.sit@tristique.co.uk","Piquant"),(170,"Virginia Phillips","felis.adipiscing@mifringillami.com","Tangy");
INSERT INTO Customer (CID,CName,Email,MaxSpiceLevel) VALUES (171,"Maite Gomez","Proin@semper.org","Piquant"),(172,"Shannon Todd","dolor@Maecenas.org","Tangy"),(173,"TaShya Blackburn","sem.magna.nec@Donecat.org","Hot"),(174,"Madison Montoya","Proin.sed@sapienAenean.com","Mild"),(175,"Shafira Cooke","auctor.Mauris.vel@erosNam.org","Piquant"),(176,"Wanda Klein","mauris@etmagnisdis.org","Tangy"),(177,"Tasha Henry","posuere.cubilia.Curae@tellus.co.uk","Tangy"),(178,"Alexis Collins","Aliquam.erat@mattis.net","Hot"),(179,"Mallory Willis","et.pede.Nunc@magna.co.uk","Hot"),(180,"Audrey Decker","Nullam.scelerisque@Donec.ca","Hot");
INSERT INTO Customer (CID,CName,Email,MaxSpiceLevel) VALUES (181,"Madison Camacho","Sed.nunc.est@utpharetrased.org","Piquant"),(182,"Lois Mullins","non.hendrerit.id@magnaet.ca","Tangy"),(183,"Unity Jefferson","fringilla.est@milorem.net","Mild"),(184,"Whitney Poole","Cras@Cumsociisnatoque.co.uk","Hot"),(185,"Emi Wiggins","Nunc.ullamcorper.velit@eleifendnunc.co.uk","Mild"),(186,"Octavia Huber","In.at@magna.ca","Mild"),(187,"Kylan Bright","sollicitudin.orci@imperdiet.com","Tangy"),(188,"Dakota Mosley","sem.egestas.blandit@cursus.net","Mild"),(189,"Jolie Farley","Aenean.gravida@arcu.org","Mild"),(190,"Delilah Mcmahon","Donec@sempertellusid.edu","Tangy");
INSERT INTO Customer (CID,CName,Email,MaxSpiceLevel) VALUES (191,"Shafira Rocha","in.faucibus@eutemporerat.net","Mild"),(192,"Adele Carter","neque.et.nunc@lorem.org","Tangy"),(193,"Winifred Austin","Integer@Nullam.org","Piquant"),(194,"Zenaida Bridges","congue.elit@eget.org","Hot"),(195,"Miriam Tucker","quis.pede@etmagnis.org","Tangy"),(196,"Nola Nicholson","luctus.ipsum@Morbi.co.uk","Piquant"),(197,"Natalie Vance","dolor.Quisque@Curabitursed.edu","Piquant"),(198,"Hannah Lowe","adipiscing@tinciduntaliquam.edu","Tangy"),(199,"Reagan Frazier","suscipit@Curabitur.org","Hot"),(200,"Melodie Goff","Nam@auctorMauris.edu","Hot");
INSERT INTO Customer (CID,CName,Email,MaxSpiceLevel) VALUES (201,"Mufutau Welch","magna.a@necleo.net","Mild"),(202,"Phelan Miller","sem.ut@adipiscing.ca","Tangy"),(203,"Leonard Finch","eu.turpis@vulputatemauris.org","Piquant"),(204,"Dolan Dixon","mi.pede.nonummy@fringillaporttitor.ca","Mild"),(205,"August Finley","erat.semper@ligulaDonecluctus.com","Hot"),(206,"Maxwell Forbes","at@Pellentesquetincidunttempus.co.uk","Tangy"),(207,"Bruno Chaney","tortor@enimcommodo.net","Tangy"),(208,"Nathan Avila","turpis.egestas@magnisdis.co.uk","Mild"),(209,"Aristotle Holt","eget@auctorquistristique.org","Tangy"),(210,"Anthony Carson","convallis.est.vitae@eu.co.uk","Hot");
INSERT INTO Customer (CID,CName,Email,MaxSpiceLevel) VALUES (211,"Phillip Goff","Vivamus.nisi.Mauris@penatibuset.com","Hot"),(212,"Axel Reid","bibendum.Donec.felis@Proin.ca","Mild"),(213,"Chaney Mckay","gravida.sagittis@estacmattis.edu","Tangy"),(214,"Jerry Warner","Cum@Suspendissealiquetsem.org","Mild"),(215,"Paki Craft","pede@seddui.org","Mild"),(216,"Finn Ford","sollicitudin@ullamcorpervelitin.org","Mild"),(217,"Malachi Boyle","Quisque.purus@et.org","Tangy"),(218,"Kyle Medina","fringilla.purus.mauris@malesuadafames.com","Mild"),(219,"Vaughan Glass","arcu@consectetuer.edu","Piquant"),(220,"Ahmed Bray","egestas.Sed@viverraDonectempus.org","Tangy");
INSERT INTO Customer (CID,CName,Email,MaxSpiceLevel) VALUES (221,"Gage Johnston","Nunc.laoreet.lectus@Donecegestas.co.uk","Mild"),(222,"Dale Gould","vitae@eratin.co.uk","Piquant"),(223,"Keaton Pearson","augue.malesuada.malesuada@elitAliquamauctor.ca","Mild"),(224,"Noah Shelton","elit.Etiam.laoreet@condimentumegetvolutpat.com","Tangy"),(225,"Richard Knight","tempus@ut.net","Piquant"),(226,"Lester Ewing","ac.sem.ut@aliquetmagna.co.uk","Hot"),(227,"Myles Hamilton","mauris@ac.com","Tangy"),(228,"Knox Elliott","lobortis.quam@dictum.ca","Tangy"),(229,"Ezekiel Dickson","sagittis@ornareFuscemollis.com","Piquant"),(230,"Xander Wolf","sed.consequat.auctor@nonlobortisquis.co.uk","Mild");
INSERT INTO Customer (CID,CName,Email,MaxSpiceLevel) VALUES (231,"Ignatius Lott","pede@non.net","Tangy"),(232,"Benedict Hayden","pharetra.Nam@nullaInteger.com","Mild"),(233,"Hashim Mcconnell","faucibus.orci@diamluctus.org","Mild"),(234,"Bernard Calderon","Mauris.nulla.Integer@Craseutellus.com","Tangy"),(235,"Steel Chan","Mauris@nisisem.com","Hot"),(236,"Branden Olsen","sed.dolor.Fusce@torquent.co.uk","Tangy"),(237,"Orson Michael","sem@nequeSed.co.uk","Mild"),(238,"Kieran Horne","sed.dolor.Fusce@vitae.ca","Tangy"),(239,"Rashad Mcfarland","eu@scelerisquedui.com","Mild"),(240,"Garrison Patterson","sit.amet@tincidunt.com","Piquant");
INSERT INTO Customer (CID,CName,Email,MaxSpiceLevel) VALUES (241,"Deacon Bryant","adipiscing.ligula.Aenean@Maecenasmalesuadafringilla.ca","Tangy"),(242,"Nehru Cameron","tortor@Curabiturdictum.org","Tangy"),(243,"Castor Dorsey","non@ipsumnonarcu.com","Tangy"),(244,"Baker Walter","pellentesque.tellus.sem@dictum.co.uk","Mild"),(245,"Mason Mejia","imperdiet.ullamcorper@lacus.org","Mild"),(246,"Herman Whitehead","mattis.Cras.eget@laciniaorciconsectetuer.co.uk","Hot"),(247,"Allistair Lancaster","in.consectetuer.ipsum@nunc.org","Tangy"),(248,"Lawrence Cook","a@felispurus.edu","Hot"),(249,"Paki Gonzales","nonummy.ultricies@gravidaPraesenteu.co.uk","Mild"),(250,"Ashton Knight","Quisque@nullavulputate.ca","Piquant");
INSERT INTO Customer (CID,CName,Email,MaxSpiceLevel) VALUES (251,"Silas Mcconnell","dui@dictumcursus.com","Tangy"),(252,"Ryan Bryant","sagittis.lobortis.mauris@cursus.ca","Tangy"),(253,"Jacob Padilla","vulputate.ullamcorper.magna@lacusAliquam.net","Hot"),(254,"Aidan Nguyen","nonummy.Fusce.fermentum@eratSed.com","Tangy"),(255,"Bevis Banks","amet@euismodet.com","Hot"),(256,"Flynn Sweeney","diam@interdum.net","Piquant"),(257,"Amir Sparks","mauris.ut@nisidictum.net","Tangy"),(258,"Hakeem Scott","feugiat@tempusrisus.ca","Mild"),(259,"Nehru Spence","Mauris.eu.turpis@eliteratvitae.org","Hot"),(260,"Macon Bolton","augue.eu.tempor@Fuscediam.com","Piquant");
INSERT INTO Customer (CID,CName,Email,MaxSpiceLevel) VALUES (261,"Rafael Manning","egestas@semelit.com","Tangy"),(262,"Hasad Talley","pharetra@commodo.org","Mild"),(263,"Scott Morse","in.consectetuer@purusDuis.org","Tangy"),(264,"Jin Coleman","mi.fringilla.mi@sociisnatoquepenatibus.edu","Mild"),(265,"Louis Bernard","a.nunc.In@disparturientmontes.org","Piquant"),(266,"Chester Austin","dui@Sed.org","Hot"),(267,"Zachary Rocha","semper@Phasellus.co.uk","Hot"),(268,"Cooper Macias","posuere.cubilia@auctorullamcorper.com","Hot"),(269,"Lionel Hodges","hendrerit.a.arcu@Nullaeuneque.ca","Mild"),(270,"Asher Bradley","Vestibulum@velquamdignissim.com","Tangy");
INSERT INTO Customer (CID,CName,Email,MaxSpiceLevel) VALUES (271,"Hedley Mullins","dictum.eleifend.nunc@condimentumDonecat.com","Hot"),(272,"Alvin Lewis","ac.turpis.egestas@ipsumDonec.ca","Piquant"),(273,"Lucian Dotson","sit@aliquamadipiscinglacus.ca","Piquant"),(274,"Tarik Bonner","egestas@a.ca","Tangy"),(275,"Damian Wilkinson","pede@ullamcorper.co.uk","Tangy"),(276,"Damon Velez","lorem.fringilla.ornare@non.net","Tangy"),(277,"Lucas Ramsey","nisl@tristiquesenectuset.edu","Piquant"),(278,"Yardley Barber","sit@iaculisneceleifend.com","Mild"),(279,"Jelani Warren","feugiat.Lorem.ipsum@dolorsitamet.co.uk","Mild"),(280,"Myles Drake","Cum@Craseget.com","Hot");
INSERT INTO Customer (CID,CName,Email,MaxSpiceLevel) VALUES (281,"Salvador Garza","Donec.tincidunt.Donec@semeget.co.uk","Tangy"),(282,"Uriah Deleon","dolor.sit.amet@arcu.edu","Mild"),(283,"Maxwell Randall","libero.et.tristique@elit.org","Tangy"),(284,"Howard Mitchell","orci.Phasellus.dapibus@egetlacus.edu","Tangy"),(285,"Darius Nelson","varius.Nam@maurissitamet.ca","Hot"),(286,"Alexander Lewis","feugiat.nec.diam@etnunc.org","Piquant"),(287,"Jason Pickett","elit@erosnonenim.org","Tangy"),(288,"Hilel Savage","neque@laciniamattis.ca","Piquant"),(289,"Craig Bryan","Aenean.massa@penatibus.co.uk","Hot"),(290,"Jacob Bruce","mi.lorem.vehicula@Crasegetnisi.edu","Hot");
INSERT INTO Customer (CID,CName,Email,MaxSpiceLevel) VALUES (291,"Brett Poole","fermentum.vel@consequatlectussit.org","Piquant"),(292,"Carl Horton","ante@aliquamiaculislacus.ca","Mild"),(293,"Christopher Sykes","Mauris@diam.com","Piquant"),(294,"Troy Kim","pede.Cras@arcuVestibulumante.org","Piquant"),(295,"Dolan Monroe","auctor@aarcuSed.net","Tangy"),(296,"Evan Anderson","Nullam.enim@sed.com","Piquant"),(297,"Graiden Velazquez","sociosqu.ad@mi.net","Mild"),(298,"Reed Wilson","ante.iaculis.nec@atvelitCras.org","Mild"),(299,"Bradley Jones","tempor@velitinaliquet.edu","Hot"),(300,"Bradley Tucker","Integer@sapienCras.com","Piquant");
INSERT INTO Customer (CID,CName,Email,MaxSpiceLevel) VALUES (301,"Octavia Calhoun","ante@velquam.edu","Mild"),(302,"Maggy Blankenship","elit@lectus.net","Piquant"),(303,"Remedios Mcintosh","tellus.id@Sedauctor.org","Piquant"),(304,"Darrel Tate","Ut.sagittis.lobortis@Quisqueimperdiet.ca","Piquant"),(305,"Charde Sears","malesuada.id.erat@tellusnon.com","Mild"),(306,"Uma Jensen","ligula@In.edu","Mild"),(307,"Nora Pate","Phasellus.vitae@liberoestcongue.edu","Hot"),(308,"Quemby Spencer","penatibus.et@tempor.co.uk","Tangy"),(309,"Desiree Chang","gravida.Aliquam@DonecestNunc.ca","Tangy"),(310,"Brielle Walsh","Quisque.ornare@consequatnec.edu","Mild");
INSERT INTO Customer (CID,CName,Email,MaxSpiceLevel) VALUES (311,"Fatima Beach","hendrerit.consectetuer.cursus@commodo.net","Tangy"),(312,"Nora Finch","Vestibulum@nuncrisusvarius.org","Tangy"),(313,"Ifeoma Hogan","sit.amet.risus@enimmitempor.com","Tangy"),(314,"Zena Terry","et.magnis.dis@sociosquad.ca","Tangy"),(315,"Kiayada Hester","malesuada.vel@consequatdolorvitae.ca","Tangy"),(316,"Larissa Dale","tempor.diam@semutdolor.co.uk","Tangy"),(317,"Zena Maxwell","eu.nibh@etmagnis.co.uk","Tangy"),(318,"Florence Reeves","litora@ut.org","Piquant"),(319,"Dakota Leach","interdum.feugiat.Sed@Sedneque.com","Piquant"),(320,"Imani Chen","id.sapien.Cras@egestas.edu","Hot");
INSERT INTO Customer (CID,CName,Email,MaxSpiceLevel) VALUES (321,"Adara Juarez","Fusce.aliquam@ametmetusAliquam.com","Tangy"),(322,"Demetria Benjamin","sem@erat.edu","Tangy"),(323,"Tanisha Wilkins","id.risus.quis@nibh.org","Piquant"),(324,"Dai Hardy","pede.sagittis@pedeultricesa.org","Piquant"),(325,"Lydia Irwin","in.consectetuer.ipsum@vestibulum.edu","Mild"),(326,"Mariam Buckner","ac.fermentum.vel@semper.ca","Hot"),(327,"Maggie Hendricks","Nunc.ut@nostraperinceptos.ca","Mild"),(328,"Vielka Maxwell","faucibus@pellentesquemassalobortis.ca","Tangy"),(329,"Sierra Lee","tincidunt.vehicula.risus@tempusscelerisquelorem.net","Piquant"),(330,"Marah Carson","sit.amet.faucibus@augueporttitor.com","Piquant");
INSERT INTO Customer (CID,CName,Email,MaxSpiceLevel) VALUES (331,"Nichole Murphy","vulputate.posuere@iaculisodioNam.net","Piquant"),(332,"Cailin Walter","Fusce.mollis.Duis@atortor.co.uk","Hot"),(333,"Tatyana Ellison","Praesent@Vivamus.co.uk","Tangy"),(334,"Aretha Vaughan","ornare.In.faucibus@sem.co.uk","Mild"),(335,"Tanisha Simon","nunc@liberoInteger.edu","Piquant"),(336,"Maxine Velez","tellus.Phasellus@estmollisnon.net","Mild"),(337,"Janna Snyder","nec.diam.Duis@erosnonenim.net","Hot"),(338,"Candice Porter","Curabitur.egestas@dolor.ca","Mild"),(339,"Aline Greer","placerat.orci.lacus@magnis.co.uk","Mild"),(340,"Quemby Parrish","egestas.a@ullamcorper.co.uk","Tangy");
INSERT INTO Customer (CID,CName,Email,MaxSpiceLevel) VALUES (341,"Fatima Bentley","orci.Ut@In.net","Hot"),(342,"Ayanna Sargent","eu.dui.Cum@estmollisnon.co.uk","Hot"),(343,"Zena Vincent","Duis.risus@auctor.ca","Mild"),(344,"Zephr Osborne","pharetra.Quisque@FuscemollisDuis.edu","Tangy"),(345,"Ayanna Goodwin","nisi.nibh.lacinia@aaliquet.co.uk","Hot"),(346,"September Logan","posuere@orcisemeget.org","Hot"),(347,"Daphne Talley","mauris@loremfringillaornare.net","Tangy"),(348,"Maggie Hardy","eu.augue@euenim.co.uk","Piquant"),(349,"Madonna Fischer","lectus@DonecnibhQuisque.org","Hot"),(350,"Kelsey Suarez","vestibulum@idmagnaet.org","Mild");
INSERT INTO Customer (CID,CName,Email,MaxSpiceLevel) VALUES (351,"Sydnee Bird","rutrum@cursus.net","Hot"),(352,"Kiayada Porter","bibendum@ipsumdolor.net","Hot"),(353,"Ori Mcdonald","ipsum@lectusjusto.net","Tangy"),(354,"Risa Reeves","mauris.aliquam@quisaccumsanconvallis.ca","Hot"),(355,"Hedy Grant","lobortis@ac.com","Piquant"),(356,"Xyla Carney","orci.Ut.sagittis@Praesent.ca","Mild"),(357,"Kelsie Riley","Nunc.pulvinar.arcu@Maecenasmalesuada.net","Tangy"),(358,"Cassady May","lacus.Quisque@faucibusMorbivehicula.net","Tangy"),(359,"Maia Haley","nulla@sedpedenec.ca","Piquant"),(360,"Pascale Preston","Proin.eget.odio@mollis.ca","Tangy");
INSERT INTO Customer (CID,CName,Email,MaxSpiceLevel) VALUES (361,"Jael Grimes","commodo.tincidunt@est.net","Piquant"),(362,"Constance Harding","at.fringilla.purus@quisarcuvel.net","Hot"),(363,"Odessa Carpenter","velit.Sed@magnatellusfaucibus.org","Piquant"),(364,"Nola Burris","quis.massa.Mauris@tinciduntadipiscingMauris.edu","Hot"),(365,"Dominique Pena","Nunc.mauris.elit@eratvel.com","Piquant"),(366,"Cora Cameron","Phasellus.libero.mauris@acfacilisis.edu","Mild"),(367,"Cora Sims","tincidunt@blanditNam.net","Tangy"),(368,"Aphrodite Barlow","justo.eu@vestibulumneceuismod.net","Piquant"),(369,"Astra Mcleod","risus.quis.diam@magnaPraesent.com","Hot"),(370,"Jessica Weaver","feugiat@morbi.com","Tangy");
INSERT INTO Customer (CID,CName,Email,MaxSpiceLevel) VALUES (371,"Regan Blackburn","Suspendisse.dui.Fusce@dictumeuplacerat.co.uk","Tangy"),(372,"Dora Levine","mauris@tortor.ca","Mild"),(373,"Gillian Lambert","elit@facilisisvitaeorci.org","Tangy"),(374,"Amaya Nieves","nunc.sed.libero@magnanec.com","Piquant"),(375,"Emily Hodges","mauris.a@egestasblanditNam.net","Tangy"),(376,"Christen Cooley","id.erat@sed.com","Mild"),(377,"Jacqueline Golden","ac.nulla.In@iaculisquis.org","Hot"),(378,"Lana Jensen","elit@semperet.com","Mild"),(379,"Rylee Fox","mauris.eu@vestibulum.org","Hot"),(380,"Madeson Ratliff","nec.diam.Duis@egetvariusultrices.com","Hot");
INSERT INTO Customer (CID,CName,Email,MaxSpiceLevel) VALUES (381,"Gretchen Church","faucibus@aliquameuaccumsan.net","Hot"),(382,"Amaya Pate","nunc.Quisque.ornare@ornaresagittisfelis.org","Mild"),(383,"Athena Morin","mauris.aliquam.eu@ornareFuscemollis.ca","Mild"),(384,"Mara Higgins","lorem.eu.metus@Donec.org","Hot"),(385,"Aubrey Levy","vitae.odio@sapienNunc.org","Tangy"),(386,"Blaine Wiley","Mauris.molestie@ipsum.edu","Mild"),(387,"Skyler Clarke","nec@liberoInteger.co.uk","Tangy"),(388,"Amethyst Carroll","lacus.Cras.interdum@ipsumcursusvestibulum.edu","Hot"),(389,"Tashya Chen","risus.Duis@rutrum.co.uk","Tangy"),(390,"Lisandra Wolf","sit.amet.ante@InloremDonec.edu","Mild");
INSERT INTO Customer (CID,CName,Email,MaxSpiceLevel) VALUES (391,"Ramona Blackburn","id@massa.co.uk","Hot"),(392,"Alice Pearson","torquent.per.conubia@Sednuncest.co.uk","Piquant"),(393,"Elaine Lowe","Cras.vulputate@vitae.org","Tangy"),(394,"Quin Nelson","lorem@Sed.org","Hot"),(395,"Kerry Cash","per.inceptos.hymenaeos@hendrerit.com","Hot"),(396,"Megan Ball","consequat.auctor.nunc@Donecestmauris.co.uk","Hot"),(397,"Yvette Whitehead","dolor.Donec.fringilla@porttitoreros.co.uk","Hot"),(398,"Karen Bridges","amet@Cras.ca","Tangy"),(399,"Irma Juarez","aliquet@aliquameu.com","Tangy"),(400,"Gillian Patrick","sem.vitae.aliquam@Namporttitor.ca","Mild");
INSERT INTO Customer (CID,CName,Email,MaxSpiceLevel) VALUES (401,"Lenore Lambert","adipiscing.elit@tincidunt.org","Piquant"),(402,"Price Mcpherson","pede.et@augue.com","Piquant"),(403,"Cairo Gaines","non.nisi.Aenean@duiFuscealiquam.org","Mild"),(404,"Gage Shields","Fusce.dolor@semperet.co.uk","Tangy"),(405,"Carissa Cash","Sed@Aliquamfringilla.ca","Tangy"),(406,"Dexter Kane","aliquam.eu@sapienAeneanmassa.edu","Tangy"),(407,"Jasper Hurst","cursus.purus@temporaugue.org","Piquant"),(408,"Abraham Sandoval","tristique.pellentesque.tellus@a.net","Mild"),(409,"Xyla Wynn","luctus.ipsum.leo@eratvel.co.uk","Mild"),(410,"Bert Shelton","imperdiet@indolorFusce.ca","Piquant");
INSERT INTO Customer (CID,CName,Email,MaxSpiceLevel) VALUES (411,"Casey Carter","Aliquam.auctor@acmattisornare.net","Mild"),(412,"Abra Hernandez","lorem.eget.mollis@conguea.co.uk","Tangy"),(413,"Aiko Moss","est.congue@atvelitCras.co.uk","Tangy"),(414,"Oren Medina","auctor.Mauris@semper.edu","Piquant"),(415,"Hadley Henderson","lectus@sollicitudin.com","Tangy"),(416,"Samuel Hampton","consectetuer.mauris.id@massalobortisultrices.ca","Mild"),(417,"Griffin Winters","fringilla.est.Mauris@odio.net","Mild"),(418,"Drew Bryan","lacinia.orci@ligula.ca","Hot"),(419,"Benjamin Garner","odio@adipiscing.ca","Hot"),(420,"Raya Osborn","dictum.eu@enim.co.uk","Mild");
INSERT INTO Customer (CID,CName,Email,MaxSpiceLevel) VALUES (421,"Heather Suarez","malesuada.fames@Seddiam.net","Tangy"),(422,"Keaton Davidson","sit.amet.consectetuer@neque.org","Mild"),(423,"Abra Soto","Nam.ac.nulla@vestibulummassarutrum.org","Tangy"),(424,"Jaden Bennett","tempus.mauris.erat@egestashendrerit.co.uk","Mild"),(425,"Eugenia Mayo","mauris.aliquam@consectetuerrhoncus.co.uk","Mild"),(426,"Ingrid Cruz","non.massa@Fusce.co.uk","Tangy"),(427,"Finn Rice","et.magnis.dis@ornaretortorat.co.uk","Tangy"),(428,"Rashad Armstrong","Nam.consequat@lectussitamet.ca","Hot"),(429,"Hedley French","dictum.mi@ipsum.co.uk","Mild"),(430,"Orson Lyons","magna.Lorem.ipsum@molestiesodales.com","Piquant");
INSERT INTO Customer (CID,CName,Email,MaxSpiceLevel) VALUES (431,"Martina Fuller","parturient@eget.ca","Piquant"),(432,"Portia Delacruz","libero.Morbi.accumsan@tinciduntadipiscing.edu","Piquant"),(433,"Reece Stuart","augue.id@vulputate.net","Piquant"),(434,"Leah Nunez","Ut@acfacilisis.ca","Hot"),(435,"Xyla Mcdonald","natoque.penatibus.et@pharetrafelis.com","Tangy"),(436,"Wendy Peters","a.tortor.Nunc@Sedeu.net","Hot"),(437,"Upton Fowler","orci@pharetranibhAliquam.org","Hot"),(438,"Heidi Clay","risus.Nulla.eget@felisorciadipiscing.edu","Mild"),(439,"Ruby Long","aliquet.Phasellus.fermentum@tristique.edu","Mild"),(440,"Tyler Jones","ullamcorper.eu.euismod@estNunclaoreet.org","Tangy");
INSERT INTO Customer (CID,CName,Email,MaxSpiceLevel) VALUES (441,"Tad Buckner","urna@convallis.com","Tangy"),(442,"Laith Vaughan","Nam.ligula@nuncsedpede.com","Piquant"),(443,"Fallon Decker","eu.eleifend@massaSuspendisse.co.uk","Mild"),(444,"Cameron Singleton","ornare.tortor@Phasellus.ca","Hot"),(445,"Noel Dudley","scelerisque.dui.Suspendisse@consequat.com","Mild"),(446,"Evan Burns","Praesent.eu@egetmagnaSuspendisse.com","Tangy"),(447,"Keegan Hooper","mollis@laoreetposuereenim.ca","Hot"),(448,"Tatiana Barron","Cras.eget.nisi@quisaccumsan.com","Mild"),(449,"Zeus Macias","Vivamus.sit@estmauris.org","Hot"),(450,"Hyatt Joyce","lobortis.quam@perconubia.co.uk","Mild");
INSERT INTO Customer (CID,CName,Email,MaxSpiceLevel) VALUES (451,"Walker Schultz","est.ac.mattis@dolorNullasemper.co.uk","Piquant"),(452,"Dennis Salazar","luctus.felis@inconsectetuer.edu","Piquant"),(453,"Gay Hart","ac.turpis.egestas@cursus.co.uk","Mild"),(454,"Helen Harrell","Curabitur@Morbisit.ca","Tangy"),(455,"Kathleen Slater","feugiat@anteNunc.ca","Tangy"),(456,"Willa Mccray","dictum@CuraeDonec.net","Piquant"),(457,"John Conway","molestie.orci.tincidunt@ipsum.net","Mild"),(458,"Francis Dudley","ac.mattis@elitpellentesquea.edu","Piquant"),(459,"Violet Chaney","amet@Nulla.ca","Hot"),(460,"Connor King","Aliquam.erat.volutpat@Nullamscelerisqueneque.com","Mild");
INSERT INTO Customer (CID,CName,Email,MaxSpiceLevel) VALUES (461,"Mona Gross","id.enim@odioauctorvitae.com","Mild"),(462,"Micah Owens","pede.sagittis.augue@sit.com","Tangy"),(463,"Kameko Norton","lorem@dictummiac.co.uk","Mild"),(464,"Chester Donaldson","Vivamus.nibh.dolor@dolorsitamet.co.uk","Mild"),(465,"Marshall Webb","Donec@mauris.edu","Tangy"),(466,"Leigh Webster","dis@maurisMorbi.net","Hot"),(467,"Imelda Caldwell","leo.Cras@erosnectellus.org","Mild"),(468,"Unity Wynn","orci.sem@aodiosemper.ca","Tangy"),(469,"Tashya Hickman","tellus.sem@eunibhvulputate.com","Tangy"),(470,"Aidan Cooley","Cum@dapibus.com","Mild");
INSERT INTO Customer (CID,CName,Email,MaxSpiceLevel) VALUES (471,"Fuller Cunningham","erat.volutpat.Nulla@nonnisi.com","Tangy"),(472,"Deborah Rodgers","tellus.Nunc.lectus@Infaucibus.net","Hot"),(473,"Daryl Chen","euismod@purusin.net","Piquant"),(474,"Lysandra Vargas","massa.Suspendisse@aliquam.org","Tangy"),(475,"Eagan Beard","felis.adipiscing.fringilla@dui.net","Tangy"),(476,"Eaton Johnson","Donec.tincidunt@magnamalesuada.com","Piquant"),(477,"Troy Bartlett","ultricies.adipiscing@dictumsapien.edu","Mild"),(478,"Dominique Joyner","blandit@non.org","Piquant"),(479,"Aline Carr","Etiam@et.co.uk","Mild"),(480,"Hamish Dunlap","Mauris@scelerisque.org","Mild");
INSERT INTO Customer (CID,CName,Email,MaxSpiceLevel) VALUES (481,"Mufutau Hutchinson","magnis.dis.parturient@idblanditat.ca","Hot"),(482,"Chastity Cooper","Suspendisse@pretium.org","Piquant"),(483,"Stewart Odom","ipsum.primis@lacus.org","Tangy"),(484,"Ronan Frost","ligula.Nullam@nunc.com","Piquant"),(485,"Blaze Brown","convallis@anteipsum.net","Mild"),(486,"Tanner Doyle","non.leo@Maecenasiaculisaliquet.com","Mild"),(487,"Benjamin Norris","Cras.eget@auctorvitaealiquet.co.uk","Mild"),(488,"Deirdre Simon","eget.magna@metusvitaevelit.ca","Piquant"),(489,"Tashya Petty","at@luctusaliquet.net","Piquant"),(490,"Ignatius Mckinney","nulla.In@Duisrisusodio.co.uk","Hot");
INSERT INTO Customer (CID,CName,Email,MaxSpiceLevel) VALUES (491,"Ulysses Dejesus","ac.mattis.velit@velarcu.ca","Hot"),(492,"Jane Wyatt","interdum@aliquet.co.uk","Piquant"),(493,"Yen Whitaker","vel@et.ca","Mild"),(494,"Shad Albert","Vestibulum.ante@cubilia.edu","Mild"),(495,"Basil Ortega","ut.erat@blanditmattisCras.ca","Hot"),(496,"Daquan Maxwell","ultrices.a@auctor.com","Mild"),(497,"Adara Lawson","elit@auctorullamcorpernisl.net","Mild"),(498,"Shannon Chang","et.ipsum@nequeet.com","Mild"),(499,"Kirby Hernandez","urna@sodales.net","Tangy"),(500,"Shay Bates","enim.consequat@elementum.edu","Mild");
INSERT INTO Customer (CID,CName,Email,MaxSpiceLevel) VALUES (501,"Patience Sharp","vulputate.dui@dolor.org","Piquant"),(502,"Ross Collier","tristique.pellentesque.tellus@In.net","Tangy"),(503,"Olivia Hooper","inceptos.hymenaeos@etcommodo.co.uk","Tangy"),(504,"Ashely Richardson","ut.pellentesque@erat.net","Mild"),(505,"Grady Mcdonald","pharetra.felis@semper.edu","Mild"),(506,"Craig Levy","eu.placerat@egestasblandit.edu","Mild"),(507,"George Holden","sit.amet.nulla@aliquet.co.uk","Piquant"),(508,"Brynne Espinoza","dignissim.Maecenas@urna.com","Tangy"),(509,"Cullen Carroll","consectetuer.adipiscing@commodo.co.uk","Tangy"),(510,"Talon Vazquez","lorem.sit.amet@Nam.co.uk","Piquant");
INSERT INTO Customer (CID,CName,Email,MaxSpiceLevel) VALUES (511,"Steven Lee","accumsan@tempor.ca","Tangy"),(512,"Mark Crane","Cras.dolor@pharetra.net","Mild"),(513,"Hu Roberts","nec.luctus@Inscelerisque.com","Tangy"),(514,"Harper Ayala","penatibus.et@inconsectetueripsum.ca","Mild"),(515,"Zenia Trujillo","ac@sagittis.net","Mild"),(516,"Dominic Battle","libero@duisemperet.co.uk","Hot"),(517,"Basia Dickerson","mattis@nuncac.edu","Tangy"),(518,"Troy Stanley","Nam@loremluctusut.co.uk","Piquant"),(519,"Jennifer Irwin","rhoncus.Proin.nisl@liberolacusvarius.com","Hot"),(520,"Meghan Dillon","aliquet@luctus.ca","Hot");
INSERT INTO Customer (CID,CName,Email,MaxSpiceLevel) VALUES (521,"Claire Reese","fringilla.mi@Nunc.org","Hot"),(522,"Kellie Wall","orci@ipsum.edu","Tangy"),(523,"Travis Cervantes","porttitor.vulputate@faucibusutnulla.co.uk","Mild"),(524,"Xena Juarez","adipiscing.elit.Etiam@Namconsequatdolor.com","Tangy"),(525,"Tanek Huber","parturient.montes.nascetur@iaculisneceleifend.net","Tangy"),(526,"Stacey Nichols","tellus@quis.ca","Hot"),(527,"Asher Buckner","vitae.risus@ornaretortorat.net","Piquant"),(528,"Kaden Cox","feugiat@blanditcongueIn.ca","Mild"),(529,"Keely Bolton","ut.quam@a.net","Mild"),(530,"Kuame Livingston","Ut.tincidunt@orciluctus.net","Mild");
INSERT INTO Customer (CID,CName,Email,MaxSpiceLevel) VALUES (531,"Emerson Aguilar","primis.in.faucibus@Inscelerisque.com","Tangy"),(532,"Janna Ratliff","habitant.morbi.tristique@molestie.net","Piquant"),(533,"Theodore Ramos","nibh@nuncrisus.com","Piquant"),(534,"Devin Reyes","ipsum.leo.elementum@Duis.org","Tangy"),(535,"Yeo Hendricks","mauris.sapien@vel.edu","Tangy"),(536,"Meredith Bowers","non@loremsemperauctor.ca","Tangy"),(537,"Jane Jenkins","orci@eleifendnec.ca","Piquant"),(538,"Xander Miller","sit@Quisquelibero.org","Piquant"),(539,"Buffy Larsen","lacus@Mauris.ca","Hot"),(540,"Damian Holcomb","non.enim@ideratEtiam.net","Mild");
INSERT INTO Customer (CID,CName,Email,MaxSpiceLevel) VALUES (541,"Jameson Prince","sapien.Cras@ligulaNullam.ca","Mild"),(542,"Blair Santiago","vulputate.ullamcorper.magna@Vestibulumaccumsan.ca","Tangy"),(543,"Tucker Spence","at@vitaemauris.co.uk","Mild"),(544,"Raven Mccullough","dignissim.tempor.arcu@ipsumDonec.com","Mild"),(545,"Ezra Frye","lorem@Donec.ca","Tangy"),(546,"Wanda Heath","penatibus.et.magnis@dictum.org","Piquant"),(547,"Desiree Farley","vitae.diam@enimEtiam.edu","Tangy"),(548,"Blake Gilbert","Proin@mi.ca","Piquant"),(549,"Jordan Witt","felis.Donec@scelerisquesed.co.uk","Mild"),(550,"Isaiah Mcdonald","vestibulum@molestie.ca","Tangy");
INSERT INTO Customer (CID,CName,Email,MaxSpiceLevel) VALUES (551,"Fletcher Jordan","vitae@velitSedmalesuada.com","Tangy"),(552,"Gregory Hubbard","risus.odio.auctor@purus.net","Hot"),(553,"Piper Burns","Nulla.eget@enim.com","Mild"),(554,"Timon Fuller","velit.Quisque.varius@Nullam.net","Mild"),(555,"Tate Stark","dapibus@purussapien.net","Mild"),(556,"Otto Wynn","eleifend.vitae.erat@CuraePhasellus.net","Hot"),(557,"Xander Knox","id@eget.org","Hot"),(558,"Baxter Hicks","In.tincidunt.congue@maurisIntegersem.org","Piquant"),(559,"Kylynn Tucker","sit.amet@loremipsumsodales.com","Mild"),(560,"Daniel Cherry","commodo.ipsum.Suspendisse@ultricesiaculisodio.net","Mild");
INSERT INTO Customer (CID,CName,Email,MaxSpiceLevel) VALUES (561,"Driscoll Rasmussen","molestie.orci@non.com","Piquant"),(562,"Indira Bolton","Proin@urna.net","Tangy"),(563,"Noel Valdez","vel@eu.ca","Mild"),(564,"Cally Salinas","scelerisque.sed@vitaealiquetnec.net","Piquant"),(565,"Ryder Burt","Proin.velit@nunc.co.uk","Hot"),(566,"Lynn Bridges","conubia@ligulaNullam.net","Tangy"),(567,"Rhiannon Valenzuela","Pellentesque.ultricies@libero.edu","Tangy"),(568,"Ezekiel Copeland","tempor.diam@conguea.net","Tangy"),(569,"Meredith Soto","quis.accumsan.convallis@antedictummi.edu","Tangy"),(570,"Boris Hahn","quis.diam.luctus@quisarcuvel.com","Hot");
INSERT INTO Customer (CID,CName,Email,MaxSpiceLevel) VALUES (571,"Dorian Kane","eu.dolor@Sed.net","Tangy"),(572,"Elmo Browning","interdum@eu.org","Mild"),(573,"Roanna Daugherty","erat.nonummy@eutellusPhasellus.org","Hot"),(574,"Erica Sosa","nec.mollis.vitae@acfermentum.com","Piquant"),(575,"Ali Pate","Mauris@Cras.edu","Hot"),(576,"Brooke Boyer","mattis.Integer@Namnullamagna.co.uk","Hot"),(577,"Sacha Barrett","felis.Nulla.tempor@mauriselit.co.uk","Mild"),(578,"Nita Shepard","velit@sitamet.com","Mild"),(579,"Charles Morrison","ipsum.Suspendisse@turpisAliquamadipiscing.org","Mild"),(580,"Jaquelyn Navarro","tellus.non@Cras.edu","Tangy");
INSERT INTO Customer (CID,CName,Email,MaxSpiceLevel) VALUES (581,"Mohammad Hensley","Aliquam.vulputate@maurissapiencursus.co.uk","Mild"),(582,"Trevor Shepard","Vivamus@Pellentesque.org","Tangy"),(583,"Harper Baxter","ut.lacus.Nulla@ridiculus.ca","Mild"),(584,"Cameron Wheeler","malesuada@Nulla.ca","Mild"),(585,"Medge Yang","id@utcursusluctus.co.uk","Tangy"),(586,"Aquila Eaton","ridiculus@aultricies.edu","Tangy"),(587,"Frances Harper","ornare.tortor.at@Cras.org","Tangy"),(588,"Randall Aguirre","lobortis@Curabiturdictum.co.uk","Piquant"),(589,"Jerry Justice","odio@vitae.com","Tangy"),(590,"Jessica Cantu","velit.egestas.lacinia@vestibulummassarutrum.edu","Mild");
INSERT INTO Customer (CID,CName,Email,MaxSpiceLevel) VALUES (591,"Ruth Benton","mauris.sapien@magna.com","Hot"),(592,"Wallace Clements","eu.elit.Nulla@ipsumcursus.org","Piquant"),(593,"Lionel Hensley","id.erat.Etiam@tortoratrisus.co.uk","Piquant"),(594,"Belle Hooper","purus.sapien.gravida@consequat.edu","Mild"),(595,"Clementine Burnett","Vestibulum@Curabitur.ca","Mild"),(596,"Heather Lopez","ullamcorper.velit.in@feugiat.org","Mild"),(597,"Aurora Wiggins","eget.laoreet.posuere@varius.net","Hot"),(598,"Daryl Stevens","et.eros@elitEtiamlaoreet.com","Tangy"),(599,"Mechelle Slater","suscipit.est@Nuncsed.edu","Mild"),(600,"Forrest Waters","Pellentesque@eliterat.net","Tangy");
INSERT INTO Customer (CID,CName,Email,MaxSpiceLevel) VALUES (601,"India Cummings","sed.orci.lobortis@quisaccumsanconvallis.ca","Hot"),(602,"Ora Allison","pretium.aliquet@nuncsedpede.com","Tangy"),(603,"Zeph Talley","natoque.penatibus.et@atrisus.edu","Piquant"),(604,"Steel Doyle","ipsum.Suspendisse@nonmagna.edu","Hot"),(605,"Gil Rodgers","sem@tempus.net","Tangy"),(606,"Phoebe Downs","litora@estNunc.com","Hot"),(607,"Angela Phillips","in@acturpisegestas.com","Hot"),(608,"Kirestin Griffin","euismod.et@orcisem.org","Mild"),(609,"MacKenzie Travis","augue.ut.lacus@eleifendCrassed.net","Tangy"),(610,"Chester Pacheco","pretium.aliquet@orciPhasellusdapibus.ca","Hot");
INSERT INTO Customer (CID,CName,Email,MaxSpiceLevel) VALUES (611,"Darius Vaughn","morbi@ametultriciessem.co.uk","Hot"),(612,"Emily Duke","iaculis@mus.edu","Mild"),(613,"Dacey Whitehead","nunc@lacusMauris.edu","Tangy"),(614,"Mercedes Fleming","eget.varius@eunequepellentesque.org","Piquant"),(615,"Brennan Rush","neque.non@erat.net","Tangy"),(616,"Boris Stewart","porttitor.interdum.Sed@etipsum.org","Mild"),(617,"Orlando Sutton","dui@viverra.edu","Hot"),(618,"Baxter Burns","malesuada.id.erat@Pellentesque.ca","Hot"),(619,"Upton Sharpe","augue.eu.tellus@lectus.net","Tangy"),(620,"Gretchen Haley","est@purusinmolestie.org","Hot");
INSERT INTO Customer (CID,CName,Email,MaxSpiceLevel) VALUES (621,"Nina Hayden","volutpat.nunc.sit@liberoInteger.net","Hot"),(622,"Robert Gamble","tellus.imperdiet.non@congue.edu","Hot"),(623,"Ahmed Reese","sem.mollis.dui@imperdietornareIn.org","Piquant"),(624,"Daryl Duke","Nullam@facilisislorem.co.uk","Tangy"),(625,"Salvador Strickland","placerat@molestietellusAenean.edu","Tangy"),(626,"Cameran Roberts","dapibus@ornaresagittisfelis.edu","Tangy"),(627,"Bernard Prince","Vivamus.nibh.dolor@nonummy.ca","Hot"),(628,"Galena Leblanc","lorem@auctorquis.ca","Mild"),(629,"Maia Vinson","Nunc.ullamcorper.velit@vitae.net","Mild"),(630,"Emerson Simon","ipsum@egestasblandit.com","Mild");
INSERT INTO Customer (CID,CName,Email,MaxSpiceLevel) VALUES (631,"Rachel Vargas","ipsum@Curabiturconsequatlectus.co.uk","Mild"),(632,"Cyrus Russo","hendrerit@rhoncus.ca","Mild"),(633,"Rudyard Flowers","erat.neque@sagittisDuisgravida.com","Tangy"),(634,"Morgan Montoya","magna.a@sagittissemper.ca","Piquant"),(635,"Bruce Shepard","diam.dictum.sapien@Phasellusdapibus.co.uk","Tangy"),(636,"Karen Hooper","dapibus.id.blandit@vitae.ca","Tangy"),(637,"Avye Sawyer","non@adipiscing.co.uk","Hot"),(638,"Maryam Bright","imperdiet.non@placeratorcilacus.co.uk","Mild"),(639,"Tad Wells","magnis.dis@mus.edu","Hot"),(640,"Cathleen Valentine","sit.amet@magnanec.net","Hot");
INSERT INTO Customer (CID,CName,Email,MaxSpiceLevel) VALUES (641,"Holly Hensley","nec.tempus.scelerisque@miDuisrisus.ca","Hot"),(642,"Joseph Banks","Ut@facilisisegetipsum.com","Piquant"),(643,"Jameson Wall","dictum.cursus@aliquetmetusurna.com","Hot"),(644,"Rama Petersen","dui.nec.tempus@a.com","Mild"),(645,"Kuame King","ipsum.Curabitur@ut.edu","Mild"),(646,"Zahir Lewis","ac.risus.Morbi@arcuet.ca","Tangy"),(647,"Gwendolyn Aguilar","arcu.Nunc.mauris@amet.co.uk","Tangy"),(648,"Hilel Hampton","nascetur@diamPellentesque.co.uk","Mild"),(649,"Pascale Parker","libero.Proin@Integer.net","Tangy"),(650,"Prescott Mckenzie","Praesent.eu@auctor.ca","Tangy");
INSERT INTO Customer (CID,CName,Email,MaxSpiceLevel) VALUES (651,"Caesar Gallagher","vitae@est.edu","Mild"),(652,"Davis Atkinson","nunc.sed@nibhAliquam.ca","Piquant"),(653,"Mannix Watts","in.consequat.enim@tempus.org","Mild"),(654,"Kathleen Hayes","nec@etpedeNunc.ca","Piquant"),(655,"Candice Pittman","Nam@nulla.co.uk","Tangy"),(656,"Eliana Frazier","lacinia.at.iaculis@felisullamcorperviverra.net","Mild"),(657,"Avye Simpson","morbi@feugiatnonlobortis.net","Tangy"),(658,"Hope Pacheco","Donec.vitae.erat@maurisInteger.com","Tangy"),(659,"Madaline Lawrence","molestie@aliquetvel.org","Piquant"),(660,"Malcolm Hurley","tempor.est.ac@mauris.edu","Mild");
INSERT INTO Customer (CID,CName,Email,MaxSpiceLevel) VALUES (661,"Kaseem Jackson","id.enim@massa.com","Mild"),(662,"Portia Frazier","Nulla@FuscefeugiatLorem.com","Piquant"),(663,"Darrel Young","dui@sem.org","Mild"),(664,"Sharon Walsh","mauris.Suspendisse@velit.com","Tangy"),(665,"Meredith Buckner","Pellentesque@Nullamut.org","Hot"),(666,"Rae Daniel","enim@Nullamfeugiatplacerat.co.uk","Tangy"),(667,"Brenden Frederick","Pellentesque.ut@lectus.org","Tangy"),(668,"Andrew Bray","sollicitudin.orci@pedenonummy.ca","Piquant"),(669,"Quail Hines","sem.elit.pharetra@fringillaDonecfeugiat.org","Piquant"),(670,"Jonah Elliott","lectus.rutrum@dolor.co.uk","Mild");
INSERT INTO Customer (CID,CName,Email,MaxSpiceLevel) VALUES (671,"Wallace Glass","Nunc@eratSednunc.co.uk","Mild"),(672,"Garrison Daniels","dignissim.pharetra.Nam@auctor.co.uk","Tangy"),(673,"Melinda Gross","tempus@nulla.net","Mild"),(674,"Giacomo Mitchell","ligula.Donec.luctus@urnaet.net","Piquant"),(675,"Marah Salinas","Donec@non.edu","Piquant"),(676,"Connor Richmond","dui.semper@semper.com","Tangy"),(677,"Giacomo Sullivan","nec@posuere.net","Piquant"),(678,"Baker Mercado","ante.Vivamus.non@gravida.org","Mild"),(679,"Allen Frederick","et.euismod@Maurisnondui.co.uk","Hot"),(680,"Noelani Miles","Duis@Nullam.ca","Mild");
INSERT INTO Customer (CID,CName,Email,MaxSpiceLevel) VALUES (681,"Hedley Christian","Cras@Donecvitae.ca","Piquant"),(682,"Moses Case","lectus@magnaSed.com","Piquant"),(683,"Stephen Combs","dolor.quam.elementum@velit.net","Mild"),(684,"Gregory Johns","urna.Nullam.lobortis@actellus.ca","Mild"),(685,"Sierra Alston","netus.et.malesuada@sollicitudinorci.com","Tangy"),(686,"Indira Barton","Sed.diam.lorem@neque.org","Mild"),(687,"Rahim Gamble","Integer.aliquam@CrasinterdumNunc.com","Piquant"),(688,"Patience Griffith","augue@Cumsociis.co.uk","Mild"),(689,"Fuller Farrell","amet.consectetuer.adipiscing@euismodin.edu","Hot"),(690,"Alana Pruitt","sem.consequat@aarcu.edu","Hot");
INSERT INTO Customer (CID,CName,Email,MaxSpiceLevel) VALUES (691,"Jasmine Daniel","lorem@pellentesqueeget.co.uk","Piquant"),(692,"Jamal Skinner","sit@enimmitempor.edu","Mild"),(693,"Allegra Schneider","Integer.tincidunt.aliquam@musAenean.ca","Tangy"),(694,"Dustin Morrison","sodales@tortorNunc.co.uk","Tangy"),(695,"Risa Bush","non.dapibus.rutrum@quisaccumsan.net","Mild"),(696,"Justin Coleman","iaculis.lacus@Maurismolestiepharetra.co.uk","Tangy"),(697,"August Hunter","nostra.per.inceptos@idrisus.edu","Piquant"),(698,"Roth Callahan","cubilia.Curae@blanditNam.ca","Mild"),(699,"Tyler Nicholson","non.lorem@maurisrhoncusid.net","Mild"),(700,"Vernon Christensen","nisl.Maecenas.malesuada@Suspendisseseddolor.org","Tangy");
INSERT INTO Customer (CID,CName,Email,MaxSpiceLevel) VALUES (701,"Violet Barber","Donec.egestas.Duis@semperet.co.uk","Tangy"),(702,"Samuel Finley","vitae.orci.Phasellus@mollis.ca","Tangy"),(703,"Macaulay Reid","Suspendisse.eleifend.Cras@eutellus.co.uk","Mild"),(704,"Jocelyn Campbell","vestibulum.lorem.sit@euismodurna.edu","Mild"),(705,"Irma Bradford","pede.ultrices@a.com","Tangy"),(706,"Ryan Wall","elit@euismodin.edu","Tangy"),(707,"Aladdin Mason","est@elita.edu","Mild"),(708,"Jasmine Pierce","Curabitur@ut.com","Mild"),(709,"Audrey Porter","orci.adipiscing.non@adipiscing.net","Hot"),(710,"Kuame Saunders","magna@magna.com","Mild");
INSERT INTO Customer (CID,CName,Email,MaxSpiceLevel) VALUES (711,"Simon Dejesus","ut@justoeuarcu.edu","Tangy"),(712,"Hu Flowers","non.hendrerit@sociosqu.org","Mild"),(713,"Jaquelyn Rowland","leo.in@NullainterdumCurabitur.com","Mild"),(714,"Merritt Peck","lorem.ac@rutrumFuscedolor.edu","Tangy"),(715,"Lavinia Patrick","a@ultricesiaculisodio.net","Mild"),(716,"Doris Houston","lorem@cursusin.net","Tangy"),(717,"Vaughan Durham","Nunc.commodo.auctor@afeugiat.com","Mild"),(718,"Malik Blanchard","magnis.dis.parturient@Integereulacus.net","Hot"),(719,"Brenda Hess","urna.Vivamus.molestie@velesttempor.org","Hot"),(720,"Tasha Whitfield","et.lacinia.vitae@non.edu","Hot");
INSERT INTO Customer (CID,CName,Email,MaxSpiceLevel) VALUES (721,"Ferris Mcmahon","sed.est@tinciduntorci.ca","Hot"),(722,"Sean Roth","arcu@eleifendegestasSed.co.uk","Tangy"),(723,"Malachi Cochran","euismod.in@mattis.com","Tangy"),(724,"Linda Cantu","non@Phasellusornare.ca","Tangy"),(725,"Yoshi Melton","Nulla.semper@semper.ca","Piquant"),(726,"Shelby Neal","quam.elementum.at@ac.co.uk","Tangy"),(727,"Aileen Bullock","Proin.mi@cursusluctus.ca","Tangy"),(728,"Frances Sykes","pede.Suspendisse@malesuadafamesac.com","Tangy"),(729,"Blair Dorsey","volutpat@metus.co.uk","Tangy"),(730,"Avye Cole","sed.est.Nunc@auctor.co.uk","Piquant");
INSERT INTO Customer (CID,CName,Email,MaxSpiceLevel) VALUES (731,"Allen Beard","sit@sedest.co.uk","Piquant"),(732,"Asher Colon","Donec.elementum@euismod.net","Hot"),(733,"Mira Duran","Duis.cursus.diam@Curabitur.edu","Mild"),(734,"Noah Lynn","Lorem.ipsum@Namnulla.co.uk","Tangy"),(735,"Deborah Fleming","arcu.Vestibulum@hendrerit.com","Hot"),(736,"Jason Sharp","In.faucibus.Morbi@diameudolor.com","Mild"),(737,"Karyn Everett","dictum@feugiat.org","Tangy"),(738,"Charlotte Mccormick","a.magna@consequatdolorvitae.com","Tangy"),(739,"Kevyn Sweeney","vel.arcu.eu@Integertincidunt.co.uk","Mild"),(740,"Sydney Barnes","ipsum.dolor@odiosempercursus.co.uk","Piquant");
INSERT INTO Customer (CID,CName,Email,MaxSpiceLevel) VALUES (741,"Linus Sweet","eleifend.egestas@nec.co.uk","Mild"),(742,"Amos Rodriquez","In.condimentum@rhoncus.org","Hot"),(743,"Tarik Carrillo","ut.lacus.Nulla@orciUt.co.uk","Mild"),(744,"Yeo Schmidt","eu@pedeultricesa.com","Hot"),(745,"Avye Mason","vitae.nibh@necligula.ca","Mild"),(746,"Brent Cochran","ipsum.Suspendisse.non@Cumsociis.co.uk","Hot"),(747,"Jamalia Moses","mi@fringillacursuspurus.net","Tangy"),(748,"Valentine Scott","vitae@Duissit.net","Mild"),(749,"Mary Garner","leo.Vivamus@auctor.org","Mild"),(750,"Perry Hull","Aliquam@Nullamsuscipit.co.uk","Mild");
INSERT INTO Customer (CID,CName,Email,MaxSpiceLevel) VALUES (751,"Cairo Mccullough","lacinia.orci@eudui.com","Mild"),(752,"Luke Beasley","tincidunt.Donec.vitae@Sed.net","Mild"),(753,"Zoe Jefferson","ridiculus.mus.Proin@massanonante.net","Piquant"),(754,"Edan Hinton","nonummy.ipsum.non@magnisdisparturient.ca","Tangy"),(755,"Eden Lara","non.nisi.Aenean@leo.co.uk","Hot"),(756,"Ryan Ferguson","aliquam.enim.nec@vitae.net","Mild"),(757,"Portia Graham","Maecenas.mi@enimnon.ca","Mild"),(758,"Colby Webster","nunc.sed@utpellentesqueeget.net","Tangy"),(759,"Ira Hood","diam@dignissim.net","Hot"),(760,"Vanna Ryan","sollicitudin@tristique.edu","Mild");
INSERT INTO Customer (CID,CName,Email,MaxSpiceLevel) VALUES (761,"Serina Sims","pellentesque.eget@enimdiam.edu","Tangy"),(762,"Aiko Mcknight","Nunc.laoreet@lobortisquama.co.uk","Tangy"),(763,"Charles Webster","lacus@euodioPhasellus.co.uk","Tangy"),(764,"Aline Russo","tristique.pharetra@odioPhasellusat.co.uk","Piquant"),(765,"Kathleen Gates","sociis@nuncullamcorper.edu","Piquant"),(766,"Austin Gilliam","risus.Donec@duinec.edu","Tangy"),(767,"Jacqueline Lambert","Nam@et.edu","Mild"),(768,"Wanda Mayo","mauris.ipsum.porta@iaculisodioNam.ca","Mild"),(769,"Daniel Gallagher","vestibulum.massa.rutrum@egestasa.net","Tangy"),(770,"Riley Madden","Pellentesque.habitant@In.net","Piquant");
INSERT INTO Customer (CID,CName,Email,MaxSpiceLevel) VALUES (771,"Skyler Cote","odio.auctor@loremfringillaornare.ca","Hot"),(772,"Edward Sanders","euismod@tinciduntcongue.ca","Piquant"),(773,"Malik Mcdonald","elit@Nuncquisarcu.org","Tangy"),(774,"Leilani Lucas","dictum.Phasellus.in@Nunc.edu","Mild"),(775,"Donovan Whitaker","neque@sedleoCras.ca","Tangy"),(776,"Bianca Barron","odio.Nam@maurissit.ca","Tangy"),(777,"Thane Gilmore","mus.Proin@erosnectellus.edu","Hot"),(778,"Kaitlin Burks","luctus.et.ultrices@pede.net","Mild"),(779,"Curran Fleming","erat.eget.tincidunt@Integerurna.ca","Piquant"),(780,"Philip Mayer","justo@semperauctor.com","Piquant");
INSERT INTO Customer (CID,CName,Email,MaxSpiceLevel) VALUES (781,"Bruno Shields","lacinia@libero.org","Tangy"),(782,"Lara Bradley","lacinia@nibhlacinia.ca","Tangy"),(783,"Whoopi Barr","quam.dignissim.pharetra@etrutrum.net","Mild"),(784,"Julie Gross","turpis.nec.mauris@parturientmontesnascetur.ca","Mild"),(785,"Elaine Good","Phasellus.vitae@arcuVestibulumut.edu","Hot"),(786,"Dominique Schmidt","arcu.Nunc@odioauctor.ca","Piquant"),(787,"Charity Mcfarland","diam@arcuet.com","Mild"),(788,"Chancellor Strickland","sociis@placeratorcilacus.co.uk","Tangy"),(789,"Griffith Koch","tempor.bibendum.Donec@nisisemsemper.edu","Mild"),(790,"Len Barton","metus.urna.convallis@etmagnisdis.co.uk","Hot");
INSERT INTO Customer (CID,CName,Email,MaxSpiceLevel) VALUES (791,"Malik Randall","amet.faucibus@Integeraliquam.com","Piquant"),(792,"Bernard Kent","Aenean.eget@ametrisusDonec.co.uk","Mild"),(793,"Chanda Giles","Ut.tincidunt@enim.edu","Mild"),(794,"Neil Mckinney","ad@est.co.uk","Tangy"),(795,"Cecilia Fisher","enim.gravida@at.org","Mild"),(796,"Kirk Mcintosh","diam.Sed@ultriciesornareelit.edu","Piquant"),(797,"Allistair Hampton","est.mollis@ullamcorper.co.uk","Tangy"),(798,"Sierra Moon","nec@loremtristique.co.uk","Hot"),(799,"Garth Stone","mauris@consequatdolorvitae.edu","Hot"),(800,"Slade Salazar","parturient.montes@tellusjusto.edu","Piquant");
INSERT INTO Customer (CID,CName,Email,MaxSpiceLevel) VALUES (801,"Garrison Cruz","Integer@risusQuisque.org","Piquant"),(802,"Cora Holland","lectus@urnasuscipit.co.uk","Tangy"),(803,"Yardley Roth","tempus.lorem@tortor.co.uk","Piquant"),(804,"Illana Mcleod","lacinia@Proinvelit.edu","Mild"),(805,"Carl Hahn","nec@ornarefacilisiseget.net","Hot"),(806,"Joshua Bender","quam.quis@vitaerisusDuis.edu","Tangy"),(807,"Chancellor Zamora","nascetur.ridiculus@Aenean.org","Mild"),(808,"Ruth Hicks","In.ornare@fermentumarcuVestibulum.net","Mild"),(809,"Austin Adkins","Proin@ultricies.edu","Tangy"),(810,"Travis Huber","tempor.arcu@Nulla.com","Hot");
INSERT INTO Customer (CID,CName,Email,MaxSpiceLevel) VALUES (811,"Irma Bates","Aliquam.adipiscing.lobortis@Quisque.edu","Tangy"),(812,"Sean Gregory","ante@vel.edu","Tangy"),(813,"Daphne Pollard","mi.lacinia@Cras.com","Tangy"),(814,"Galvin Lopez","molestie@Curabitursedtortor.org","Mild"),(815,"Leslie Paul","Nunc.sollicitudin@sodalesnisi.net","Piquant"),(816,"Nolan Booth","mi.Duis@egetlacus.ca","Mild"),(817,"Colton Stewart","semper.Nam@molestieSed.org","Tangy"),(818,"Rigel Burns","sed@sempertellus.edu","Tangy"),(819,"Kirby Mcknight","nisi.magna@pellentesqueSed.net","Mild"),(820,"Kiara Mayo","primis.in.faucibus@est.ca","Tangy");
INSERT INTO Customer (CID,CName,Email,MaxSpiceLevel) VALUES (821,"Kevin Callahan","lobortis@rutrumlorem.net","Mild"),(822,"Brent Mann","Maecenas.iaculis@consequat.com","Tangy"),(823,"Luke York","magna@sem.co.uk","Tangy"),(824,"Sierra Merritt","et.ultrices@vestibulum.net","Mild"),(825,"David Figueroa","dictum@ante.net","Piquant"),(826,"Boris England","Duis.sit.amet@elit.co.uk","Mild"),(827,"Kyle Barnes","auctor.non.feugiat@eget.ca","Hot"),(828,"Martha Austin","placerat@feugiatmetussit.net","Mild"),(829,"Elmo Tanner","mus.Proin@tristiquesenectus.edu","Mild"),(830,"Carissa Garrison","Nunc.ullamcorper@rutrumeu.org","Tangy");
INSERT INTO Customer (CID,CName,Email,MaxSpiceLevel) VALUES (831,"Rhiannon Willis","nisl.arcu.iaculis@Vivamusnisi.co.uk","Hot"),(832,"Thomas Ross","et.magnis@quis.com","Tangy"),(833,"Hiram Joseph","dis.parturient@Aenean.net","Hot"),(834,"Graham Nunez","varius.ultrices@Duis.co.uk","Tangy"),(835,"Lacota Jarvis","leo@pharetranibhAliquam.org","Tangy"),(836,"Alan Harrison","semper.tellus@mauriserat.com","Tangy"),(837,"Melvin Ball","Praesent.eu@aliquet.com","Mild"),(838,"Wilma Mills","enim@cursusnon.co.uk","Mild"),(839,"Casey Sims","dolor@felisadipiscing.com","Mild"),(840,"Xanthus Knight","aptent.taciti.sociosqu@ipsumnuncid.net","Mild");
INSERT INTO Customer (CID,CName,Email,MaxSpiceLevel) VALUES (841,"Flynn William","nec@euelitNulla.com","Hot"),(842,"Zenaida Pitts","ipsum@lobortisquam.co.uk","Hot"),(843,"Peter Jones","nec.leo@Nulla.co.uk","Tangy"),(844,"Jasper Todd","scelerisque@inceptos.com","Hot"),(845,"Ina Moon","Nunc.pulvinar.arcu@liberoIntegerin.org","Tangy"),(846,"Keegan Ochoa","sed.dui.Fusce@magnis.edu","Hot"),(847,"Malcolm Charles","Nam@sagittisaugueeu.com","Piquant"),(848,"Scott Richmond","sed.tortor@tellusloremeu.edu","Mild"),(849,"Angelica Combs","et.netus@arcuimperdietullamcorper.net","Mild"),(850,"Gage Baker","Integer@Nunc.edu","Mild");
INSERT INTO Customer (CID,CName,Email,MaxSpiceLevel) VALUES (851,"Harding Lang","erat.Etiam@eget.co.uk","Mild"),(852,"Carissa Hawkins","mi.eleifend@rhoncusNullam.ca","Tangy"),(853,"Murphy Lowe","elit.pretium@gravida.com","Piquant"),(854,"Carissa Bennett","dolor.Nulla@nibh.com","Mild"),(855,"Emery Anthony","non@ultrices.edu","Tangy"),(856,"Hermione Benjamin","ullamcorper.velit@euodio.com","Mild"),(857,"Malik Woods","nostra@atpedeCras.net","Tangy"),(858,"Leah Cortez","iaculis.nec@sedconsequat.net","Hot"),(859,"Jordan Lara","lacus.pede.sagittis@dictumPhasellusin.edu","Piquant"),(860,"Wesley Herrera","dictum.eleifend@velitCras.co.uk","Piquant");
INSERT INTO Customer (CID,CName,Email,MaxSpiceLevel) VALUES (861,"Emily Nunez","turpis.Aliquam@scelerisque.com","Tangy"),(862,"Lawrence Cross","Cras.vehicula@ultricesiaculisodio.org","Tangy"),(863,"Amity England","nec.urna@dui.ca","Tangy"),(864,"Rebekah Case","non.vestibulum@sociisnatoquepenatibus.net","Hot"),(865,"Bree Spears","luctus.ipsum.leo@velit.com","Piquant"),(866,"Len Santiago","dolor.sit.amet@senectuset.edu","Tangy"),(867,"Regina Gardner","lobortis.Class@Quisqueornaretortor.ca","Mild"),(868,"Madonna Cote","nulla.ante@eu.ca","Hot"),(869,"Tanya Strickland","est.arcu.ac@MorbivehiculaPellentesque.net","Hot"),(870,"Xantha Jarvis","scelerisque@tempusmauris.ca","Piquant");
INSERT INTO Customer (CID,CName,Email,MaxSpiceLevel) VALUES (871,"Eden Flowers","aliquet.nec.imperdiet@elitsed.co.uk","Piquant"),(872,"Unity Morrison","non.hendrerit@lacusvestibulumlorem.com","Tangy"),(873,"Erich Miranda","lobortis.ultrices.Vivamus@liberoInteger.org","Mild"),(874,"Beau Emerson","tincidunt.pede.ac@egestas.ca","Tangy"),(875,"Brennan Tyler","mattis@nostra.net","Tangy"),(876,"Alexa Reynolds","congue.a.aliquet@Pellentesqueultriciesdignissim.com","Tangy"),(877,"Robin Bradford","vulputate@nonquam.edu","Mild"),(878,"Jolie Stephenson","mauris.eu.elit@ideratEtiam.edu","Mild"),(879,"Samson Herrera","dictum.mi.ac@magnis.org","Tangy"),(880,"Wynne Wilson","dolor@duiaugue.com","Hot");
INSERT INTO Customer (CID,CName,Email,MaxSpiceLevel) VALUES (881,"Murphy Hodges","aptent.taciti.sociosqu@ipsumSuspendisse.com","Tangy"),(882,"Hyacinth Pate","Phasellus.at@aliquamadipiscinglacus.org","Piquant"),(883,"Trevor Atkinson","urna.nec@conguea.co.uk","Hot"),(884,"Lamar Walton","a@Aliquamrutrumlorem.edu","Piquant"),(885,"Diana Romero","porttitor.scelerisque@elementum.edu","Hot"),(886,"Maile Beasley","venenatis.a.magna@liberomaurisaliquam.edu","Mild"),(887,"Mariko Wiley","nec.imperdiet@auctor.co.uk","Tangy"),(888,"Armando Richard","ante.ipsum@ullamcorper.edu","Hot"),(889,"Linus Manning","Etiam.ligula.tortor@vitae.edu","Piquant"),(890,"Rylee Irwin","orci.luctus.et@est.com","Mild");
INSERT INTO Customer (CID,CName,Email,MaxSpiceLevel) VALUES (891,"Jameson Savage","vitae@neque.ca","Tangy"),(892,"Walter Ross","Lorem@posuere.ca","Piquant"),(893,"Xaviera Conrad","ligula.elit.pretium@nunc.com","Hot"),(894,"Jena Yates","Suspendisse.non.leo@malesuadaid.edu","Tangy"),(895,"Glenna Golden","elit@nonummyipsum.net","Mild"),(896,"Tamara Fulton","sagittis@cubilia.net","Tangy"),(897,"Reece Hamilton","arcu@elementum.ca","Tangy"),(898,"Wayne Roth","sociosqu.ad.litora@vitaedolorDonec.edu","Tangy"),(899,"Sylvia Black","purus.accumsan.interdum@estMauris.com","Hot"),(900,"Suki Green","convallis@eget.co.uk","Tangy");
INSERT INTO Customer (CID,CName,Email,MaxSpiceLevel) VALUES (901,"Kiayada David","nonummy.ac@Suspendissealiquet.ca","Mild"),(902,"Jeremy Nielsen","turpis.egestas.Fusce@purussapien.com","Mild"),(903,"Emerson Vasquez","luctus@mauriseu.ca","Tangy"),(904,"Charissa Mcneil","Duis@Morbi.edu","Hot"),(905,"Skyler Underwood","Donec.est@arcuVestibulum.org","Piquant"),(906,"Kaseem Snow","scelerisque.neque.Nullam@risusDonecnibh.org","Mild"),(907,"Eden Wilkins","feugiat@in.ca","Hot"),(908,"Veronica Garner","Donec.tincidunt@semNullainterdum.net","Hot"),(909,"Phoebe Carlson","lectus.Cum@Suspendissealiquetsem.ca","Tangy"),(910,"Xander Ramos","euismod@suscipitnonummy.com","Hot");
INSERT INTO Customer (CID,CName,Email,MaxSpiceLevel) VALUES (911,"Conan Burris","tellus.justo@ategestasa.org","Mild"),(912,"Stacy Hoover","egestas@magnaCras.ca","Piquant"),(913,"Victoria Pace","enim.Etiam@iaculisquis.co.uk","Hot"),(914,"Samuel Tucker","lorem.sit@quisarcuvel.edu","Mild"),(915,"Colby Tyler","fames@elitCurabitur.ca","Hot"),(916,"Eliana Madden","ac.sem.ut@Suspendissesagittis.co.uk","Mild"),(917,"Baker Bowers","Nulla@diam.com","Mild"),(918,"Jasmine Mayer","lobortis.Class@magnaSedeu.co.uk","Mild"),(919,"Rachel Lambert","elit.Etiam.laoreet@eu.org","Hot"),(920,"Hedley Hunter","erat@luctus.co.uk","Piquant");
INSERT INTO Customer (CID,CName,Email,MaxSpiceLevel) VALUES (921,"Alden Mendez","augue.id.ante@Uttinciduntvehicula.ca","Tangy"),(922,"Kelsey Holcomb","tellus@Crassed.com","Mild"),(923,"Kane Cardenas","mi.enim@Duisrisus.org","Mild"),(924,"Quin Walters","Integer.eu.lacus@penatibuset.net","Hot"),(925,"Faith Stark","In@quis.net","Piquant"),(926,"Kay Marsh","gravida@Crasegetnisi.org","Piquant"),(927,"Kyle Wright","aliquet.odio@gravidasagittisDuis.com","Mild"),(928,"Genevieve English","ligula.Nullam.feugiat@nuncsed.ca","Mild"),(929,"Claudia Kerr","diam.lorem@ornarefacilisis.org","Hot"),(930,"Adrian Nieves","sapien.Nunc@porttitor.edu","Hot");
INSERT INTO Customer (CID,CName,Email,MaxSpiceLevel) VALUES (931,"Martin Cooke","velit@ligula.com","Mild"),(932,"Omar Martin","Nulla@Integeraliquamadipiscing.co.uk","Mild"),(933,"Hall Witt","ullamcorper.magna@massa.ca","Hot"),(934,"Sharon Blankenship","pede.ultrices.a@faucibusutnulla.net","Mild"),(935,"Kellie Melton","litora.torquent@Quisqueporttitor.co.uk","Piquant"),(936,"Sloane Daugherty","bibendum.Donec@nuncidenim.org","Tangy"),(937,"Rebecca Barlow","vitae@metusIn.net","Piquant"),(938,"Ishmael Lawrence","facilisis.vitae@urnaVivamusmolestie.ca","Hot"),(939,"Lillian Langley","luctus@egestas.co.uk","Tangy"),(940,"Burton Roth","lacus@estNunc.edu","Hot");
INSERT INTO Customer (CID,CName,Email,MaxSpiceLevel) VALUES (941,"Palmer Soto","facilisis@pretiumaliquetmetus.ca","Hot"),(942,"Anastasia Vaughan","tempor@musProinvel.net","Piquant"),(943,"Barry Dean","tellus.sem.mollis@sitametorci.net","Piquant"),(944,"Paki Bradley","Phasellus.dapibus.quam@Crasloremlorem.net","Mild"),(945,"Raja Frost","Etiam.gravida@magnased.org","Tangy"),(946,"Anjolie Collier","et.netus@aclibero.ca","Piquant"),(947,"Petra Mcleod","condimentum.eget.volutpat@auctor.net","Hot"),(948,"Hamilton Hardin","sagittis.semper.Nam@mieleifendegestas.org","Hot"),(949,"Karly Hahn","Morbi.vehicula.Pellentesque@at.org","Tangy"),(950,"Kirsten French","nascetur@nulla.ca","Piquant");
INSERT INTO Customer (CID,CName,Email,MaxSpiceLevel) VALUES (951,"Yeo Benton","luctus.et@Proinvelit.com","Mild"),(952,"Colorado Singleton","Ut.semper.pretium@nondapibusrutrum.ca","Mild"),(953,"Quentin Frank","semper.auctor.Mauris@eunibhvulputate.ca","Tangy"),(954,"Cora Frazier","Integer.sem.elit@vulputaterisus.co.uk","Hot"),(955,"Zorita Barrett","Integer.mollis@hendrerit.org","Hot"),(956,"Nora Carver","Aliquam.tincidunt@atiaculis.net","Mild"),(957,"Kasper Dillard","vel.convallis@facilisismagnatellus.ca","Mild"),(958,"Pamela Blair","sit.amet.risus@pretiumaliquet.ca","Mild"),(959,"Cassidy Byers","Mauris@necligula.co.uk","Tangy"),(960,"Cain Singleton","Sed@morbitristiquesenectus.com","Piquant");
INSERT INTO Customer (CID,CName,Email,MaxSpiceLevel) VALUES (961,"Hayes Aguilar","molestie@pedePraesenteu.net","Piquant"),(962,"Brynne Jefferson","non.massa.non@nullamagnamalesuada.ca","Hot"),(963,"Flavia Barton","sapien.molestie.orci@Sedetlibero.org","Hot"),(964,"Yael Hinton","in.aliquet.lobortis@mollisDuis.edu","Mild"),(965,"Lysandra Wilkins","Donec.sollicitudin.adipiscing@condimentumegetvolutpat.net","Hot"),(966,"Orla Mckee","tellus.lorem.eu@dolorelit.org","Mild"),(967,"Madaline Reid","mauris.sit.amet@nisl.ca","Piquant"),(968,"Casey Blanchard","habitant@quamelementum.net","Mild"),(969,"Whilemina Lindsey","accumsan@scelerisque.edu","Tangy"),(970,"Octavia Gould","consectetuer.adipiscing@eliterat.org","Tangy");
INSERT INTO Customer (CID,CName,Email,MaxSpiceLevel) VALUES (971,"Aileen Maxwell","ante.lectus.convallis@feugiatnecdiam.co.uk","Mild"),(972,"Haley Rowe","commodo.auctor@ultrices.com","Tangy"),(973,"Pandora Barber","Donec.fringilla@suscipit.co.uk","Tangy"),(974,"Kenyon Perkins","Donec.elementum@Utsemper.com","Hot"),(975,"Charissa Hall","eu.erat.semper@Nullatinciduntneque.ca","Hot"),(976,"Wyatt Lee","pellentesque@arcuSedeu.org","Piquant"),(977,"Quynn Woods","eget.mollis.lectus@non.ca","Tangy"),(978,"Jeremy Blair","Vivamus.non@Intincidunt.org","Piquant"),(979,"Serena Blanchard","Nam@sollicitudincommodo.net","Mild"),(980,"Ainsley Benton","cursus@at.edu","Tangy");
INSERT INTO Customer (CID,CName,Email,MaxSpiceLevel) VALUES (981,"Lenore Willis","non.arcu.Vivamus@facilisisnon.net","Hot"),(982,"Abraham Finley","felis.ullamcorper@ultricies.edu","Mild"),(983,"Cadman Reilly","consectetuer.euismod.est@egestas.edu","Mild"),(984,"Kai Mosley","penatibus.et.magnis@enimgravidasit.com","Piquant"),(985,"Malachi Burton","ipsum@nuncac.org","Mild"),(986,"Rajah Becker","amet.nulla@hendreritDonec.edu","Hot"),(987,"Blaine Barnett","Suspendisse.aliquet@malesuadavel.com","Mild"),(988,"Jaquelyn Conway","nibh@Curabiturvellectus.edu","Tangy"),(989,"Whoopi Crawford","a.felis.ullamcorper@bibendumsedest.net","Tangy"),(990,"Odessa Harmon","dolor.nonummy@sapiencursusin.ca","Tangy");
INSERT INTO Customer (CID,CName,Email,MaxSpiceLevel) VALUES (991,"Carson Hartman","in.lobortis.tellus@justonecante.co.uk","Mild"),(992,"Dorian Gilbert","vitae.sodales.at@anteNunc.co.uk","Piquant"),(993,"Samantha Petty","sodales@Suspendisse.edu","Tangy"),(994,"Kuame Willis","eget@acmieleifend.co.uk","Hot"),(995,"Leilani Dixon","dolor.sit@loremtristiquealiquet.edu","Mild"),(996,"Adele Salazar","nascetur@ultricesmaurisipsum.net","Tangy"),(997,"Nerea Williamson","Phasellus.elit@ornaresagittisfelis.net","Tangy"),(998,"Angela Holder","aliquet.Phasellus@tortordictum.com","Mild"),(999,"Jenna Harmon","arcu.Vivamus@imperdietullamcorper.com","Mild"),(1000,"Jermaine Lynch","Nam.ac.nulla@id.org","Mild");
INSERT INTO Customer (CID,CName,Email,MaxSpiceLevel) VALUES (1001,"Medge Dalton","eget@Nullamsuscipitest.org","OH MY GOD"),(1002,"Charde Little","Pellentesque@sit.edu","OH MY GOD"),(1003,"Piper Chang","consectetuer@facilisis.edu","OH MY GOD"),(1004,"Allegra Glenn","ligula@id.edu","OH MY GOD"),(1005,"Jada Haley","enim.sit.amet@netusetmalesuada.org","OH MY GOD");
  

--data for address

INSERT INTO Customer (CID,AddressID,AddressType,Street,City,cState,ZipCode) VALUES (1,1234,"home","Ap #199-527 Et Rd.","Castiglione a Casauria","Kyle","31818"),(2,1235,"home","P.O. Box 787, 4751 Egestas. Rd.","Lasne","Nelle","60494"),(3,1236,"home","P.O. Box 392, 9175 Dignissim Ave","Sint-Ulriks-Kapelle","Oleg","85640-144"),(4,1237,"home","P.O. Box 134, 9255 Placerat, Rd.","Blue Mountains","Alexander","148333"),(5,1238,"home","Ap #214-2725 Diam. Street","Castiglione di Garfagnana","Desiree","V4H 1KB"),(6,1239,"home","Ap #755-2043 Nulla Avenue","Hudson Bay","Jenna","61304"),(7,1240,"home","886 Nullam Av.","Nieuwkapelle","Nerea","61117"),(8,1241,"home","Ap #931-1426 Lorem Avenue","Fusignano","Samson","UK4S 9VI"),(9,1242,"home","6644 Pellentesque, Rd.","Bear","Martha","59734-411"),(10,1243,"home","705 Dictum St.","Lota","Lana","190989");
INSERT INTO Customer (CID,AddressID,AddressType,Street,City,cState,ZipCode) VALUES (11,1244,"home","3021 Vivamus Rd.","Metz","Tallulah","33152"),(12,1245,"home","5650 Morbi Avenue","Jaipur","Ivy","7957 KR"),(13,1246,"home","3971 Orci Rd.","Alto Biobo","Colette","5003"),(14,1247,"home","813-3570 Enim Av.","Canora","Ignatius","81028"),(15,1248,"home","7841 Ornare, Ave","Verrayes","Amity","76921"),(16,1249,"home","P.O. Box 541, 7037 Felis Road","Mores","Zahir","4543"),(17,1250,"home","Ap #306-9894 Semper Ave","Prince Albert","Stacey","74574"),(18,1251,"home","8990 Aliquam Street","Rionero in Vulture","Carson","679734"),(19,1252,"home","Ap #837-1780 Erat. Rd.","Saintes","Ivan","94502"),(20,1253,"home","2825 Nam Avenue","Donnas","Gloria","553834");
INSERT INTO Customer (CID,AddressID,AddressType,Street,City,cState,ZipCode) VALUES (21,1254,"home","9625 Pellentesque Road","Marcq-en-Baroeul","Orson","25786"),(22,1255,"home","223-2166 Ipsum. Road","Nedlands","Lester","51817"),(23,1256,"home","Ap #972-1988 Ut, St.","Kelowna","Forrest","68333"),(24,1257,"home","Ap #567-3538 Augue St.","Richmond","Mallory","77438"),(25,1258,"home","5629 Purus, St.","Lerwick","Lesley","2672"),(26,1259,"home","P.O. Box 511, 8591 Neque St.","Chandrapur","Nevada","1313"),(27,1260,"home","421 At, Avenue","Kitchener","Guinevere","X2B 7HF"),(28,1261,"home","Ap #859-2130 Volutpat Rd.","Wha Ti","Leah","986867"),(29,1262,"home","P.O. Box 352, 6362 Risus. Rd.","Dgelis","Casey","28-397"),(30,1263,"home","600-170 Faucibus St.","Woerden","Owen","02541");
INSERT INTO Customer (CID,AddressID,AddressType,Street,City,cState,ZipCode) VALUES (31,1264,"home","750-2797 Natoque Rd.","Amstelveen","Regina","39545"),(32,1265,"home","Ap #173-3673 Gravida. Avenue","Tobermory","Jacqueline","56002"),(33,1266,"home","Ap #484-5621 Ac Av.","Curon Venosta/Graun im Vinschgau","Maggie","0692 UE"),(34,1267,"home","P.O. Box 574, 8465 Dapibus Road","Chesapeake","Bruce","55472"),(35,1268,"home","964 Nunc Av.","Olivola","Maile","9716"),(36,1269,"home","P.O. Box 650, 9157 Malesuada St.","Mores","Ciaran","P9L 6M5"),(37,1270,"home","Ap #141-5303 Nec St.","Belford Roxo","Gay","77638"),(38,1271,"home","4266 Pede Av.","Acciano","Ria","619436"),(39,1272,"home","361-7575 Pellentesque Street","Hulste","Macaulay","86569"),(40,1273,"home","4638 Mattis Rd.","Stirling","Barrett","69627-027");
INSERT INTO Customer (CID,AddressID,AddressType,Street,City,cState,ZipCode) VALUES (41,1274,"home","Ap #146-7134 Ante. St.","Episcopia","Vladimir","05527-754"),(42,1275,"home","925-9317 Sed Rd.","Carstairs","Hilda","03931-243"),(43,1276,"home","P.O. Box 948, 6916 Id, Rd.","Gateshead","Hector","1978"),(44,1277,"home","P.O. Box 727, 282 In, Rd.","Cardedu","Kadeem","56611-105"),(45,1278,"home","Ap #897-5245 Nibh. Rd.","Tourinnes-la-Grosse","Gil","41-858"),(46,1279,"home","6348 Arcu Street","Wangaratta","Quentin","67649"),(47,1280,"home","446-3815 Cursus, Av.","Lautaro","Elliott","L9 8JW"),(48,1281,"home","Ap #185-3033 Amet Avenue","Verzegnis","Eric","40042"),(49,1282,"home","P.O. Box 967, 5081 Libero. St.","Varena","Donovan","70813-418"),(50,1283,"home","2114 Malesuada. Avenue","Berg","Ezekiel","201382");
INSERT INTO Customer (CID,AddressID,AddressType,Street,City,cState,ZipCode) VALUES (51,1284,"home","P.O. Box 483, 1060 Pellentesque St.","New Orleans","Ahmed","04-423"),(52,1285,"home","P.O. Box 961, 1364 Vel, Rd.","Ligney","Ruby","733452"),(53,1286,"home","274-1550 Est St.","Malbaie","Courtney","53-438"),(54,1287,"home","Ap #350-8358 Et St.","Retiro","Leroy","4176"),(55,1288,"home","322-8458 Risus. Av.","Marystown","Xanthus","55601"),(56,1289,"home","754-2752 Senectus Avenue","Long Eaton","Rhona","92-445"),(57,1290,"home","3202 Feugiat. Rd.","Koninksem","Connor","20702"),(58,1291,"home","769-8470 At Av.","Vaux-sur-Sure","Carla","290816"),(59,1292,"home","P.O. Box 207, 8857 Vivamus Rd.","Bouwel","Galvin","98944"),(60,1293,"home","P.O. Box 883, 9769 Mauris Rd.","Agartala","Kaitlin","9383");
INSERT INTO Customer (CID,AddressID,AddressType,Street,City,cState,ZipCode) VALUES (61,1294,"home","P.O. Box 991, 8230 Suspendisse Av.","Magdeburg","Tanner","22687"),(62,1295,"home","894-1175 Rutrum, St.","Ellikom","Kristen","22442"),(63,1296,"home","P.O. Box 651, 626 Ante Road","St. Clears","Iris","12330"),(64,1297,"home","Ap #228-970 Pellentesque St.","Albi","Gretchen","80514"),(65,1298,"home","1824 Tellus Rd.","Sydney","Carissa","69190"),(66,1299,"home","584 Ullamcorper Rd.","Fermont","Cruz","7111"),(67,1300,"home","677-1059 Erat, Rd.","Lennik","Tatiana","26416"),(68,1301,"home","P.O. Box 329, 4447 Mattis Rd.","Port Coquitlam","Brynn","83-517"),(69,1302,"home","P.O. Box 806, 1440 Cras Road","Renca","Joel","83989"),(70,1303,"home","4459 Taciti Street","Tulita","Justina","G1K 4P2");
INSERT INTO Customer (CID,AddressID,AddressType,Street,City,cState,ZipCode) VALUES (71,1304,"home","137-2534 Ridiculus Av.","Buggenhout","Jin","770887"),(72,1305,"home","7372 At Street","Coassolo Torinese","Nomlanga","781390"),(73,1306,"home","7538 Dolor. St.","Hines Creek","Fay","71217"),(74,1307,"home","452 Et, Road","Coldstream","Allegra","41919"),(75,1308,"home","P.O. Box 230, 5803 Auctor Rd.","East Gwillimbury","Orla","44500"),(76,1309,"home","6051 Nullam St.","Owerri","Paloma","71781-046"),(77,1310,"home","6309 Malesuada Rd.","Lens","Tate","E0G 0G3"),(78,1311,"home","P.O. Box 888, 1625 Penatibus Rd.","Silius","Keith","69456-215"),(79,1312,"home","302-1318 Placerat, Ave","Tiruppur","Tamara","18698-963"),(80,1313,"home","930-8808 Erat St.","Kirkwall","Kieran","562374");
INSERT INTO Customer (CID,AddressID,AddressType,Street,City,cState,ZipCode) VALUES (81,1314,"home","Ap #724-2108 Tellus St.","Lbeck","Halla","7873"),(82,1315,"home","987-6085 Sit Rd.","Stratford-upon-Avon","Whilemina","83821"),(83,1316,"home","748-9997 Justo. Av.","Cawdor","Hedwig","60156"),(84,1317,"home","P.O. Box 604, 1254 Nullam Street","Maracalagonis","Steel","6127"),(85,1318,"home","676 Sem Street","Lummen","Ann","G7R 5B5"),(86,1319,"home","Ap #972-4085 Facilisis Avenue","Esslingen","Serina","31616"),(87,1320,"home","917-6551 Nisi Av.","Henis","Mariam","GF30 5OL"),(88,1321,"home","6534 Nunc Rd.","Noville","Solomon","223189"),(89,1322,"home","P.O. Box 819, 1329 At Av.","Wambeek","Benedict","53596"),(90,1323,"home","Ap #557-6998 Tristique Rd.","Jabalpur","Selma","8638");
INSERT INTO Customer (CID,AddressID,AddressType,Street,City,cState,ZipCode) VALUES (91,1324,"home","9043 Nibh Avenue","Santa Maria","Jamalia","61702"),(92,1325,"home","1743 Nibh Street","Pugwash","Owen","640242"),(93,1326,"home","Ap #400-5322 Tincidunt. Road","San Leucio del Sannio","Stone","03631"),(94,1327,"home","5775 Scelerisque, Rd.","Bergerac","Elijah","548545"),(95,1328,"home","P.O. Box 496, 4707 Orci. Av.","Denderbelle","Logan","60122"),(96,1329,"home","846-4486 Imperdiet, Street","Bruderheim","Guinevere","53735"),(97,1330,"home","507-6726 Consectetuer Av.","Moere","Bevis","51209"),(98,1331,"home","7982 Ligula. Street","San Piero Patti","Byron","837886"),(99,1332,"home","P.O. Box 632, 7288 Ornare, Av.","Waarloos","Wayne","WS6 6VH"),(100,1333,"home","886-4560 Inceptos St.","Oudegem","Ezra","25245");
INSERT INTO Customer (CID,AddressID,AddressType,Street,City,cState,ZipCode) VALUES (101,2345,"home","631-4175 Fringilla Avenue","Kakisa","Levi","530003"),(102,2346,"home","429-1280 Sed St.","Saint-Lonard","Ayanna","2452"),(103,2347,"home","Ap #225-2485 Arcu. Av.","Covington","Hilel","73899"),(104,2348,"home","Ap #373-4058 Dolor. Rd.","Compiano","Logan","5849"),(105,2349,"home","8610 Sociis Rd.","Blieskastel","Roth","1015 KC"),(106,2350,"home","P.O. Box 695, 2811 Nisl. Road","Dingwall","Jeanette","00082"),(107,2351,"home","P.O. Box 394, 917 Vitae, Rd.","Woodstock","Cora","1928"),(108,2352,"home","Ap #173-8567 Sit Av.","Cleveland","Riley","980624"),(109,2353,"home","3043 Ullamcorper, Ave","Muradiye","Jesse","7326"),(110,2354,"home","342-8899 Sodales. Ave","Tuglie","Sybil","RH8I 8SI");
INSERT INTO Customer (CID,AddressID,AddressType,Street,City,cState,ZipCode) VALUES (111,2355,"home","P.O. Box 359, 1790 Aliquam Rd.","Castelvecchio di Rocca Barbena","Yen","04494"),(112,2356,"home","P.O. Box 418, 9406 Duis Rd.","Auxerre","Sonya","70717"),(113,2357,"home","230-955 Fringilla Rd.","Landau","Boris","207925"),(114,2358,"home","4987 In Av.","Blehen","Hu","404473"),(115,2359,"home","8855 Phasellus Street","Hubli","Hedley","73610"),(116,2360,"home","P.O. Box 977, 6882 Vitae, Road","Dollard-des-Ormeaux","Clayton","74533"),(117,2361,"home","706-6295 Vitae St.","Lasne-Chapelle-Saint-Lambert","Kaden","23586"),(118,2362,"home","872-5711 Ut Street","Outremont","Cruz","7392"),(119,2363,"home","Ap #853-6407 Dui. St.","Rampur","Kelsie","9946"),(120,2364,"home","P.O. Box 773, 5018 Auctor. Rd.","Malbaie","Juliet","65415");
INSERT INTO Customer (CID,AddressID,AddressType,Street,City,cState,ZipCode) VALUES (121,2365,"home","P.O. Box 372, 7132 Viverra. Road","Montaldo Bormida","Jakeem","8697"),(122,2366,"home","5331 Nec, Av.","Meppel","Vivien","86225"),(123,2367,"home","P.O. Box 164, 3544 Fringilla Road","Rosarno","Wanda","292201"),(124,2368,"home","7036 Posuere Av.","Barnstaple","Hop","51870"),(125,2369,"home","8692 Nec Rd.","Santa Juana","Amir","74391"),(126,2370,"home","9904 Sem. Av.","Canora","Debra","7097 VB"),(127,2371,"home","Ap #472-287 Fusce Rd.","Wasseiges","Aladdin","KU2 5WH"),(128,2372,"home","Ap #625-4770 Posuere St.","Grezzana","Gareth","80681"),(129,2373,"home","Ap #557-5610 Et St.","Fairbanks","Hu","49423"),(130,2374,"home","118-6575 Lectus Rd.","Malonne","Roary","307737");
INSERT INTO Customer (CID,AddressID,AddressType,Street,City,cState,ZipCode) VALUES (131,2375,"home","539-3087 Diam. Av.","Sant'Agata Bolognese","Dale","081892"),(132,2376,"home","680-3639 Sed, St.","Oberursel","Megan","2041"),(133,2377,"home","8445 Odio, Ave","Codegua","Denton","53936-664"),(134,2378,"home","Ap #756-5813 Cubilia Av.","Bastia","Ruth","859506"),(135,2379,"home","4606 Malesuada Street","Umbertide","Lionel","LN1P 3DO"),(136,2380,"home","289-5893 Ac, Street","Stornaway","Karly","9924"),(137,2381,"home","Ap #472-8043 Faucibus. Rd.","Roxburgh","Rafael","2200"),(138,2382,"home","Ap #508-4111 Sem Street","Sfruz","Kato","75041"),(139,2383,"home","Ap #170-1169 In Road","Bangor","Brenda","16890"),(140,2384,"home","944 Quam Street","Putaendo","Sybill","2790");
INSERT INTO Customer (CID,AddressID,AddressType,Street,City,cState,ZipCode) VALUES (141,2385,"home","P.O. Box 246, 9190 Metus Ave","Galbiate","Kirk","0357"),(142,2386,"home","P.O. Box 730, 5855 Accumsan Ave","Juan Fernndez","Vance","M52 6NY"),(143,2387,"home","756-2153 Sem Avenue","Shimoga","Ulric","9175"),(144,2388,"home","4914 Gravida Rd.","Dieppe","Colin","26565"),(145,2389,"home","P.O. Box 535, 7005 Amet, Rd.","San Jose","Thor","24641"),(146,2390,"home","437-252 Justo. Av.","Subbiano","Quynn","71389"),(147,2391,"home","5866 Curabitur Rd.","Suxy","Lois","972996"),(148,2392,"home","990-6787 Posuere Av.","Alexandra","Ali","06872-985"),(149,2393,"home","592-6201 Eu Rd.","Bunbury","Adele","739494"),(150,2394,"home","P.O. Box 647, 6473 Sodales Avenue","Floriffoux","Rahim","2666");
INSERT INTO Customer (CID,AddressID,AddressType,Street,City,cState,ZipCode) VALUES (151,2395,"home","Ap #325-7310 Est. St.","Torgiano","Kirk","32563"),(152,2396,"home","Ap #380-3402 Malesuada St.","Fort Saskatchewan","Remedios","37880"),(153,2397,"home","Ap #689-4738 Ligula. Ave","Homburg","Genevieve","J0N 9C9"),(154,2398,"home","777-7165 Faucibus. Ave","Marilles","Madaline","17351"),(155,2399,"home","187-2685 Volutpat. Rd.","Rocca Massima","Jared","2904"),(156,2400,"home","Ap #726-9473 Morbi St.","Navadwip","Travis","966882"),(157,2401,"home","1725 Sed Avenue","Bridgnorth","Mona","77892"),(158,2402,"home","P.O. Box 645, 804 Parturient Road","Sassocorvaro","Alika","1055"),(159,2403,"home","547-7466 Venenatis Avenue","Carlton","Maite","62428-247"),(160,2404,"home","P.O. Box 894, 1292 Sed Avenue","Ereli","Marcia","1007");
INSERT INTO Customer (CID,AddressID,AddressType,Street,City,cState,ZipCode) VALUES (161,2405,"home","602-9514 Cras Rd.","San Giovanni la Punta","Price","NN4V 7TY"),(162,2406,"home","P.O. Box 485, 8824 Proin Av.","Weelde","Leigh","03402-842"),(163,2407,"home","Ap #511-8062 Class St.","Neuwied","Cadman","7742"),(164,2408,"home","Ap #615-8599 Maecenas Rd.","Bolzano/Bozen","Keiko","5372"),(165,2409,"home","6352 Eros Ave","Minitonas","Karly","6898"),(166,2410,"home","Ap #185-6549 Non, Rd.","Santa Vittoria in Matenano","Reed","5289"),(167,2411,"home","326-7907 Erat. St.","Rae-Edzo","Vincent","600320"),(168,2412,"home","Ap #496-746 In St.","Acquafredda","Giselle","15178-121"),(169,2413,"home","5791 Egestas. Rd.","Kanpur","Nathan","77943"),(170,2414,"home","P.O. Box 716, 4587 Laoreet Ave","Tucson","Shea","41897");
INSERT INTO Customer (CID,AddressID,AddressType,Street,City,cState,ZipCode) VALUES (171,2415,"home","P.O. Box 373, 8320 Nunc St.","Challand-Saint-Victor","Kimberley","2888"),(172,2416,"home","752-5158 Nunc. Av.","Quimper","Daniel","2855 JU"),(173,2417,"home","994-2644 Tincidunt. Av.","Naninne","Wyoming","31712-388"),(174,2418,"home","Ap #106-7778 Arcu. Road","Hudson Bay","Garrison","M33 6OS"),(175,2419,"home","2404 Urna Road","Thisnes","Michael","2836"),(176,2420,"home","6669 Ac Rd.","San Pancrazio Salentino","Shaeleigh","597104"),(177,2421,"home","Ap #351-5309 Mauris St.","Banff","Noelani","989927"),(178,2422,"home","Ap #204-4596 Fames Street","Anderlues","Aquila","9171"),(179,2423,"home","Ap #162-7924 Lacus. Road","Fayetteville","Cheyenne","10713"),(180,2424,"home","Ap #613-1577 Ac Rd.","Berg","Wallace","47502");
INSERT INTO Customer (CID,AddressID,AddressType,Street,City,cState,ZipCode) VALUES (181,2425,"home","447-4456 Faucibus St.","Lvis","Hop","X6K 1A6"),(182,2426,"home","P.O. Box 881, 8829 Tellus, Avenue","Batiscan","Burke","7001"),(183,2427,"home","Ap #454-5406 Aliquet Road","Pollein","Morgan","0617"),(184,2428,"home","750-9560 Tincidunt Rd.","Wandsworth","Ocean","18632"),(185,2429,"home","P.O. Box 120, 1651 Odio St.","Jefferson City","Declan","32-093"),(186,2430,"home","417-7348 Inceptos Street","Tiegem","Darrel","38878"),(187,2431,"home","988-5823 Fringilla Rd.","Meix-le-Tige","Fletcher","16028"),(188,2432,"home","7359 Nam Av.","Yellowhead County","Damian","N8S 8Z0"),(189,2433,"home","8709 Netus Road","Kolmont","Elmo","38264"),(190,2434,"home","1102 Neque Av.","Bad Ischl","Irma","93443-398");
INSERT INTO Customer (CID,AddressID,AddressType,Street,City,cState,ZipCode) VALUES (191,2435,"home","P.O. Box 875, 6869 Eleifend. St.","Borgone Susa","Abigail","6950"),(192,2436,"home","9223 Consectetuer Road","Independence","Jena","844356"),(193,2437,"home","P.O. Box 414, 4932 Enim Av.","Tourinne","Cade","3444"),(194,2438,"home","Ap #487-624 Nunc St.","Cellara","Iona","5870"),(195,2439,"home","160-934 Nascetur St.","Whangarei","Ava","61069"),(196,2440,"home","Ap #455-4375 In Street","Smithers","Xanthus","19366"),(197,2441,"home","6102 Vel St.","Ravels","Shannon","9032"),(198,2442,"home","Ap #122-2010 Ligula Av.","Beveren","Carolyn","75025-062"),(199,2443,"home","618-2871 Neque Rd.","Livingston","Hadassah","5506"),(200,2444,"home","2856 Sed, Street","Rockford","Wyatt","01362");
INSERT INTO Customer (CID,AddressID,AddressType,Street,City,cState,ZipCode) VALUES (201,3456,"home","161-2603 Risus. Avenue","Porirua","Giacomo","K3A 1T3"),(202,3457,"home","208-5741 Ac Rd.","Barghe","Randall","38753"),(203,3458,"home","P.O. Box 507, 957 Maecenas Street","Burlington","Gregory","55436"),(204,3459,"home","P.O. Box 883, 6789 Convallis Road","Dunoon","Keiko","773002"),(205,3460,"home","1240 Fringilla Street","Bridlington","Steel","5735"),(206,3461,"home","Ap #897-1793 Curabitur Street","Palma de Mallorca","Jana","40417"),(207,3462,"home","558-4597 Sed Street","Nicolosi","Raphael","03083"),(208,3463,"home","887-8233 Ut Avenue","Austin","Laura","42267"),(209,3464,"home","Ap #964-6903 Neque. Av.","Graz","Cameran","21052"),(210,3465,"home","8903 Nec Av.","Baasrode","Alexandra","2825");
INSERT INTO Customer (CID,AddressID,AddressType,Street,City,cState,ZipCode) VALUES (211,3466,"home","P.O. Box 472, 3692 Mauris Av.","Aiseau","Xerxes","04222"),(212,3467,"home","P.O. Box 334, 1388 Orci Rd.","Korbach","Aurelia","34-854"),(213,3468,"home","Ap #907-3725 Risus. Street","Vaux-sur-Sure","Joy","940620"),(214,3469,"home","414-660 Fermentum Ave","Curaco de Vlez","Garrison","19152"),(215,3470,"home","Ap #557-3606 Vel St.","Anpolis","Clinton","75862"),(216,3471,"home","168 Vel, Street","Frauenkirchen","Sydnee","A6W 2E5"),(217,3472,"home","P.O. Box 214, 569 Curabitur St.","Woodstock","Xandra","67415"),(218,3473,"home","P.O. Box 586, 5363 Enim St.","Walsall","Hadassah","92012"),(219,3474,"home","195-6309 Cursus Rd.","Chelsea","Alyssa","3565"),(220,3475,"home","9588 Nonummy Ave","Elversele","Bernard","12010-261");
INSERT INTO Customer (CID,AddressID,AddressType,Street,City,cState,ZipCode) VALUES (221,3476,"home","833-3629 Et Rd.","Peterhead","Ivana","51802"),(222,3477,"home","109-7938 Quisque Avenue","Vejalpur","Gwendolyn","4932"),(223,3478,"home","3844 Faucibus St.","Overland Park","Sigourney","55891"),(224,3479,"home","953-9629 Felis. Ave","Stockerau","Kylan","59521"),(225,3480,"home","1002 Maecenas Avenue","Nottingham","Maxwell","807755"),(226,3481,"home","Ap #222-4686 Fringilla Rd.","Wismar","Allen","1290"),(227,3482,"home","452-4440 Et Rd.","Melsele","Xena","02246"),(228,3483,"home","P.O. Box 198, 4782 Vel Ave","Westmalle","Raymond","E7L 0M0"),(229,3484,"home","951-9518 A St.","Hafizabad","Lacota","3369"),(230,3485,"home","Ap #208-4118 Id St.","Kimberly","Thane","60905");
INSERT INTO Customer (CID,AddressID,AddressType,Street,City,cState,ZipCode) VALUES (231,3486,"home","P.O. Box 664, 7747 Nec, Road","Vosselaar","Murphy","50315"),(232,3487,"home","5526 Morbi Rd.","Panipat","Breanna","21-558"),(233,3488,"home","4179 Venenatis Rd.","Coquitlam","Arden","1507 NG"),(234,3489,"home","896-9534 Tempus Rd.","Timon","Cally","135461"),(235,3490,"home","855-8712 Mollis. St.","Adrano","Xaviera","45-823"),(236,3491,"home","Ap #857-8752 Iaculis, St.","Mobile","Gregory","98027"),(237,3492,"home","Ap #806-9896 Mollis St.","Krkhan","Francis","60102"),(238,3493,"home","Ap #408-944 Aliquam Rd.","Londerzeel","Neve","44150"),(239,3494,"home","Ap #346-7779 Netus Avenue","Nuneaton","Sasha","15168"),(240,3495,"home","2616 Dolor St.","Gonars","Wesley","27902");
INSERT INTO Customer (CID,AddressID,AddressType,Street,City,cState,ZipCode) VALUES (241,3496,"home","Ap #569-1194 Lacus. St.","Los lamos","Shoshana","50505"),(242,3497,"home","398-9729 Ligula Ave","Maizeret","Basil","7137"),(243,3498,"home","403-6179 Convallis Rd.","Antakya","Maile","80561-071"),(244,3499,"home","Ap #468-860 Enim Rd.","Wedel","Armand","29-070"),(245,3500,"home","548-8758 Aliquam Rd.","Darmstadt","Brandon","LX7E 7VZ"),(246,3501,"home","124-2649 Nullam St.","Montreal","Rose","100667"),(247,3502,"home","P.O. Box 677, 785 Sed Street","Wanganui","Darius","87005"),(248,3503,"home","P.O. Box 192, 1727 Dolor, Av.","Aklavik","Alana","184824"),(249,3504,"home","481-138 Est St.","Nuneaton","Seth","49-876"),(250,3505,"home","P.O. Box 349, 3465 Lobortis. Av.","Lauw","Laith","07439");
INSERT INTO Customer (CID,AddressID,AddressType,Street,City,cState,ZipCode) VALUES (251,3506,"home","Ap #484-7379 Enim. Road","Torquay","Lois","90672-057"),(252,3507,"home","591-5549 Sed Road","Meerut","Wylie","57757"),(253,3508,"home","P.O. Box 152, 3177 Dictum Avenue","Camrose","Walker","24754"),(254,3509,"home","141-609 Tellus Avenue","San Isidro","Alea","95931"),(255,3510,"home","Ap #317-682 Quam Av.","Tropea","Breanna","03-160"),(256,3511,"home","715-6407 Enim. Avenue","Concepcin","Gillian","062267"),(257,3512,"home","P.O. Box 669, 2444 Mus. Av.","San Felipe","Merrill","43438"),(258,3513,"home","496-3613 Mi, St.","Traun","Willa","11086"),(259,3514,"home","Ap #339-573 Laoreet, Road","Molfetta","Ignatius","90701"),(260,3515,"home","P.O. Box 703, 6251 Consectetuer Av.","Bilbo","Jenette","4951");
INSERT INTO Customer (CID,AddressID,AddressType,Street,City,cState,ZipCode) VALUES (261,3516,"home","129-2054 Gravida Ave","Hulst","Caldwell","3415"),(262,3517,"home","983-1648 Nulla St.","Lanark County","Macon","06263"),(263,3518,"home","822-5000 Metus. Rd.","Matar","Palmer","16297"),(264,3519,"home","308-9612 Auctor Avenue","Hanau","Jemima","3231"),(265,3520,"home","P.O. Box 542, 6036 Interdum. Av.","New Haven","Roth","50710"),(266,3521,"home","P.O. Box 918, 2444 Justo Street","Lawton","William","476386"),(267,3522,"home","P.O. Box 968, 1237 Ornare Street","Ludwigsburg","Randall","ZY24 1LC"),(268,3523,"home","P.O. Box 545, 290 Amet, Rd.","Louisville","Sylvia","94573"),(269,3524,"home","Ap #357-6558 Convallis St.","Sint-Lambrechts-Herk","Tana","46824"),(270,3525,"home","P.O. Box 168, 8740 Id, Rd.","Martigues","Lucy","E4C 5L4");
INSERT INTO Customer (CID,AddressID,AddressType,Street,City,cState,ZipCode) VALUES (271,3526,"home","Ap #171-5713 Nisl. Street","Civo","Gwendolyn","74076-800"),(272,3527,"home","694-8361 Cum Avenue","Colwood","Wesley","5159"),(273,3528,"home","500-1474 Praesent Rd.","Wanganui","Ira","5170"),(274,3529,"home","Ap #186-1008 Habitant St.","Blue Mountains","Jocelyn","50019"),(275,3530,"home","425-5858 Blandit Rd.","Buckingham","Tanek","47652-647"),(276,3531,"home","3073 Molestie Rd.","Tielrode","Ignacia","5547"),(277,3532,"home","268-1608 Luctus Street","Cimolais","Zahir","8923"),(278,3533,"home","P.O. Box 545, 2432 Libero. St.","Ellon","Ferdinand","99781"),(279,3534,"home","539-8186 Vitae, Avenue","Villers-aux-Tours","Colt","40900"),(280,3535,"home","Ap #378-6809 Euismod Avenue","North Bay","Grant","G7J 3P7");
INSERT INTO Customer (CID,AddressID,AddressType,Street,City,cState,ZipCode) VALUES (281,3536,"home","Ap #549-1094 Metus Street","Cervinara","Tobias","87555"),(282,3537,"home","P.O. Box 598, 4021 Lobortis Road","Villafranca in Lunigiana","Peter","48873"),(283,3538,"home","Ap #758-4094 Sed, St.","Mantova","Wing","MI5 6VY"),(284,3539,"home","Ap #738-1829 Phasellus St.","Sant'Arsenio","Kristen","44-029"),(285,3540,"home","P.O. Box 456, 6374 Nisl Av.","Buti","Cailin","71-478"),(286,3541,"home","2386 Auctor, St.","Recoleta","Brynne","8665"),(287,3542,"home","Ap #658-9090 Scelerisque, Street","Cumnock","Herman","895310"),(288,3543,"home","P.O. Box 515, 6515 Faucibus Ave","Zutphen","Latifah","7722 KV"),(289,3544,"home","P.O. Box 924, 9326 Donec Street","Qubec City","Faith","46309-882"),(290,3545,"home","Ap #492-5296 Lacinia St.","Bida","Octavia","97408");
INSERT INTO Customer (CID,AddressID,AddressType,Street,City,cState,ZipCode) VALUES (291,3546,"home","Ap #820-1438 Vulputate, Rd.","San Chirico Nuovo","Alfonso","54-837"),(292,3547,"home","269-2332 Mauris Street","Pembroke","Janna","2618"),(293,3548,"home","7751 Enim. Road","Vannes","Linda","2584"),(294,3549,"home","181-4086 Varius Rd.","Los Muermos","Shay","8723"),(295,3550,"home","Ap #620-3554 Lobortis Road","Badalona","Yuri","81-779"),(296,3551,"home","719-3391 Eu Ave","Muzaffarpur","Kane","70909"),(297,3552,"home","P.O. Box 807, 1575 Eget St.","Mansfield-et-Pontefract","Bryar","907606"),(298,3553,"home","5399 Integer Road","Saharanpur","Lani","728902"),(299,3554,"home","P.O. Box 881, 723 Faucibus Rd.","Fontanellato","Rajah","19263"),(300,3555,"home","214-5542 Nunc St.","Carahue","Eric","61794");
INSERT INTO Customer (CID,AddressID,AddressType,Street,City,cState,ZipCode) VALUES (301,4567,"home","P.O. Box 708, 3887 Donec Avenue","Westrem","Carla","45410"),(302,4568,"home","729-9536 Tempus, St.","Nssj","Mona","2779"),(303,4569,"home","1575 Tortor. Ave","San Jos de Alajuela","Kirk","44146-078"),(304,4570,"home","3454 Non Av.","Chapra","Nichole","61-831"),(305,4571,"home","Ap #462-951 Enim. St.","Quinchao","Ciaran","603857"),(306,4572,"home","261-1468 Parturient Ave","Russell","Brady","32220"),(307,4573,"home","6762 Consectetuer Rd.","Yellowhead County","Tucker","G3X 5N1"),(308,4574,"home","Ap #327-1746 Libero Rd.","Certaldo","Frances","Q19 0UD"),(309,4575,"home","Ap #313-1095 Arcu St.","Verona","Kermit","79393"),(310,4576,"home","2586 Quis Rd.","Wiekevorst","Wanda","1295");
INSERT INTO Customer (CID,AddressID,AddressType,Street,City,cState,ZipCode) VALUES (311,4577,"home","P.O. Box 697, 3195 Eleifend. St.","Frankston","Palmer","99978"),(312,4578,"home","2920 Ultrices. St.","Newmarket","Olivia","85057"),(313,4579,"home","626 Ac Rd.","Autelbas","Winifred","2530 HM"),(314,4580,"home","P.O. Box 469, 5056 Leo. Av.","Seborga","Emerson","443441"),(315,4581,"home","6841 Vehicula St.","Ponoka","Thane","95892-059"),(316,4582,"home","Ap #333-4675 Eleifend Street","Lucknow","Emmanuel","WH04 7FK"),(317,4583,"home","P.O. Box 730, 1745 Ac St.","Lac-Serent","Nero","1988"),(318,4584,"home","373-3403 Consectetuer Av.","Wilskerke","Jack","3487"),(319,4585,"home","Ap #478-2456 Convallis St.","Gullegem","Tana","780614"),(320,4586,"home","Ap #772-2473 Tortor. Rd.","Capena","Orla","69377");
INSERT INTO Customer (CID,AddressID,AddressType,Street,City,cState,ZipCode) VALUES (321,4587,"home","1166 Nulla. St.","Mackay","Tara","70717"),(322,4588,"home","Ap #719-3698 Sem Rd.","Akron","Wylie","H6J 8K7"),(323,4589,"home","Ap #389-3946 Vivamus Road","Kinrooi","Lesley","45-524"),(324,4590,"home","Ap #579-210 Suspendisse Avenue","Olympia","Raja","1090 SB"),(325,4591,"home","P.O. Box 762, 5159 Mus. Rd.","Geertruidenberg","Hiram","3548"),(326,4592,"home","687-3785 Dictum. St.","Lago Verde","Savannah","58446"),(327,4593,"home","1431 Sagittis St.","Bois-de-Villers","Sydnee","13-785"),(328,4594,"home","386-5375 Erat Av.","Lamontze","Sonya","TY2K 0FW"),(329,4595,"home","Ap #990-8181 Purus St.","Nagarcoil","Courtney","44765"),(330,4596,"home","P.O. Box 451, 1920 Eget, Rd.","Jodoigne-Souveraine","Brittany","60717");
INSERT INTO Customer (CID,AddressID,AddressType,Street,City,cState,ZipCode) VALUES (331,4597,"home","Ap #905-777 Justo. Rd.","Mannekensvere","Camilla","61015"),(332,4598,"home","6619 Cras St.","Dunedin","Burton","496749"),(333,4599,"home","Ap #427-2553 Placerat Ave","Tongrinne","Iris","63201"),(334,4600,"home","P.O. Box 275, 2860 Felis. St.","Cap-de-la-Madeleine","Philip","69691-980"),(335,4601,"home","P.O. Box 270, 5991 Rhoncus. Road","Serrungarina","Geraldine","4959"),(336,4602,"home","P.O. Box 748, 3873 Dictum Road","Austin","Xantha","14-394"),(337,4603,"home","5898 Semper Av.","Teno","Camden","38624"),(338,4604,"home","Ap #486-4823 Venenatis Rd.","San Antonio","Maite","548551"),(339,4605,"home","Ap #545-6948 Ut St.","Drachten","Daquan","91289-892"),(340,4606,"home","Ap #748-3767 Tristique Ave","Illapel","Paul","20800");
INSERT INTO Customer (CID,AddressID,AddressType,Street,City,cState,ZipCode) VALUES (341,4607,"home","Ap #635-5245 Sociis Street","Vidisha","Serina","836062"),(342,4608,"home","717-6824 Quisque Rd.","Sagrada Familia","Anthony","405197"),(343,4609,"home","P.O. Box 776, 2525 Lobortis, Av.","Ottawa-Carleton","Evangeline","64156-478"),(344,4610,"home","Ap #360-5322 Mauris Ave","Sangli","Jesse","415776"),(345,4611,"home","Ap #185-1726 Sed Street","San Massimo","Melyssa","9808"),(346,4612,"home","Ap #529-8172 Vitae St.","Lloydminster","Axel","66629-350"),(347,4613,"home","283-7853 Sed, Av.","Enterprise","Neil","43273"),(348,4614,"home","P.O. Box 973, 8168 Non, St.","Sommethonne","Wyatt","877975"),(349,4615,"home","373-1442 Faucibus Road","Beerzel","Driscoll","880512"),(350,4616,"home","P.O. Box 311, 7152 Semper Avenue","Glain","Chase","40811");
INSERT INTO Customer (CID,AddressID,AddressType,Street,City,cState,ZipCode) VALUES (351,4617,"home","8064 Pellentesque Road","Hearst","Ramona","950960"),(352,4618,"home","Ap #518-6956 Libero. Avenue","Morinville","Kessie","19775"),(353,4619,"home","P.O. Box 861, 7470 Lobortis, Av.","Neudrfl","Cooper","861541"),(354,4620,"home","Ap #983-3419 Convallis Rd.","Stilo","Joy","95978"),(355,4621,"home","Ap #147-3049 Ut Rd.","Erie","Merritt","21810"),(356,4622,"home","Ap #129-5892 Donec Av.","Draguignan","Latifah","T1M 4G6"),(357,4623,"home","Ap #944-4991 Posuere Road","Minna","Fredericka","299936"),(358,4624,"home","187-2434 Sed Avenue","Carstairs","Berk","V2B 0J7"),(359,4625,"home","119-7714 Eu Ave","Carbonear","Kameko","9298"),(360,4626,"home","3389 A Ave","Dampremy","Alea","14771");
INSERT INTO Customer (CID,AddressID,AddressType,Street,City,cState,ZipCode) VALUES (361,4627,"home","1595 Magna. St.","Heinsch","Owen","9793 MD"),(362,4628,"home","P.O. Box 526, 8806 Enim Avenue","Heestert","Vaughan","299131"),(363,4629,"home","Ap #832-3872 Commodo St.","Bomal","Bruce","6503"),(364,4630,"home","P.O. Box 545, 3910 Convallis Street","Renlies","Hayfa","2748"),(365,4631,"home","P.O. Box 311, 727 Vestibulum Avenue","Zwijnaarde","Hiram","74393"),(366,4632,"home","260-995 Est. Av.","Empedrado","Ginger","44819"),(367,4633,"home","P.O. Box 622, 3176 Eros Rd.","Driekapellen","Amanda","37951"),(368,4634,"home","9966 Dis St.","Paradise","Kelly","29736-145"),(369,4635,"home","500-7697 Ipsum Avenue","Essex","Maisie","18-910"),(370,4636,"home","567-785 Lorem. Rd.","Fontaine-Valmont","Quemby","257068");
INSERT INTO Customer (CID,AddressID,AddressType,Street,City,cState,ZipCode) VALUES (371,4637,"home","382-1492 Nulla Rd.","Morhet","Tanisha","5665 HJ"),(372,4638,"home","P.O. Box 771, 7675 Vehicula Ave","Issy-les-Moulineaux","Eden","6061"),(373,4639,"home","1529 Nulla Road","Bossuit","Bevis","20101"),(374,4640,"home","Ap #181-8977 Ac Rd.","Borriana","Amery","61520"),(375,4641,"home","P.O. Box 254, 9766 Ullamcorper Rd.","Rossignol","Tobias","492708"),(376,4642,"home","P.O. Box 219, 6618 Vehicula Avenue","Wells","Shaine","60992"),(377,4643,"home","P.O. Box 511, 5752 Nec Rd.","Roxboro","Hoyt","7159"),(378,4644,"home","Ap #853-3684 Nullam St.","Bergisch Gladbach","Nasim","L3K 8L2"),(379,4645,"home","P.O. Box 827, 5672 Tincidunt Av.","Mont-Saint-Andr","Cameran","30604"),(380,4646,"home","P.O. Box 656, 6325 Parturient Road","Calice al Cornoviglio","Eaton","C01 5EM");
INSERT INTO Customer (CID,AddressID,AddressType,Street,City,cState,ZipCode) VALUES (381,4647,"home","Ap #743-2222 Mauris Street","Serrungarina","Noelle","6681"),(382,4648,"home","P.O. Box 782, 7976 A Rd.","Williams Lake","Juliet","X2W 5H8"),(383,4649,"home","Ap #227-3861 Lectus Ave","Gaggio Montano","Thor","40354-786"),(384,4650,"home","Ap #923-4579 Magna. Rd.","Motala","Curran","46817"),(385,4651,"home","2791 Suspendisse Road","Tuscaloosa","Isabella","11507"),(386,4652,"home","Ap #647-7474 Pellentesque Rd.","Artena","Tamekah","S2S 2M7"),(387,4653,"home","Ap #595-7375 Consequat Avenue","Bowden","Cole","340040"),(388,4654,"home","P.O. Box 223, 8673 Ante. Ave","Ternitz","Zena","R3Y 1WP"),(389,4655,"home","P.O. Box 451, 1279 Lorem Rd.","Camrose","Carson","MH37 9FY"),(390,4656,"home","Ap #442-3357 Ut Rd.","Chester","Karina","OH8R 4II");
INSERT INTO Customer (CID,AddressID,AddressType,Street,City,cState,ZipCode) VALUES (391,4657,"home","P.O. Box 477, 3776 Auctor Street","North Bay","Halee","6847 AD"),(392,4658,"home","775-8102 Velit Rd.","Halanzy","Baxter","1441"),(393,4659,"home","444-6253 Aliquet. Av.","Montague","Damon","072619"),(394,4660,"home","Ap #275-848 Dolor, St.","Grey County","Connor","56-815"),(395,4661,"home","566-9857 Nascetur Av.","Pukekohe","Ocean","930443"),(396,4662,"home","985-5942 Amet Road","Groot-Bijgaarden","Darius","A2C 9C3"),(397,4663,"home","9732 Cursus Road","Akola","Selma","86106"),(398,4664,"home","934-8256 Tellus Ave","Ellesmere Port","Cadman","249372"),(399,4665,"home","157 Iaculis St.","San Pedro de Atacama","Nyssa","3883"),(400,4666,"home","7847 Orci Ave","Brighton","Ulric","28334");
INSERT INTO Customer (CID,AddressID,AddressType,Street,City,cState,ZipCode) VALUES (401,5678,"home","1407 Vestibulum St.","San Martino in Pensilis","Baker","H9G 3B4"),(402,5679,"home","P.O. Box 917, 7608 Cras Avenue","Tuscaloosa","Daryl","76880"),(403,5680,"home","Ap #116-7552 Elementum, Avenue","Polatl","Gray","48150"),(404,5681,"home","Ap #780-4638 Tortor. Street","Vitria da Conquista","Serena","26490-791"),(405,5682,"home","Ap #604-5580 Vivamus Ave","Linton","Lacy","15891"),(406,5683,"home","Ap #702-8105 Tellus St.","Kailua","Elmo","33-846"),(407,5684,"home","287-981 Aliquam St.","San Valentino in Abruzzo Citeriore","Mona","4096"),(408,5685,"home","Ap #710-7405 Ipsum. Rd.","Coatbridge","Dorothy","68976-848"),(409,5686,"home","P.O. Box 165, 7559 Elit, St.","Castiglione del Lago","Malcolm","4730"),(410,5687,"home","394-743 Adipiscing Road","Emden","Fletcher","69238");
INSERT INTO Customer (CID,AddressID,AddressType,Street,City,cState,ZipCode) VALUES (411,5688,"home","Ap #683-1075 Purus. St.","Kerkrade","Brandon","61827"),(412,5689,"home","9915 Dictum Avenue","Driffield","Dora","7312"),(413,5690,"home","Ap #169-4589 Euismod Av.","Great Falls","Macaulay","11-222"),(414,5691,"home","685-7949 Euismod Rd.","Naperville","Aimee","Z2T 6BV"),(415,5692,"home","P.O. Box 383, 2655 Donec Avenue","Manchester","Victor","31906"),(416,5693,"home","457-3199 Blandit. Rd.","Afsnee","Vladimir","46115-964"),(417,5694,"home","Ap #551-9953 Ipsum. Av.","Gijzelbrechtegem","Gary","20-161"),(418,5695,"home","120-6280 Sagittis. Rd.","Namur","Kylan","2668"),(419,5696,"home","P.O. Box 371, 2540 Amet Rd.","Hron","Madonna","875026"),(420,5697,"home","1524 Non, Ave","Tewkesbury","Wyoming","8020 LF");
INSERT INTO Customer (CID,AddressID,AddressType,Street,City,cState,ZipCode) VALUES (421,5698,"home","816-9939 Aptent Avenue","Lidkping","Brandon","88649"),(422,5699,"home","912-7454 Non, Street","Jauche","Walker","445651"),(423,5700,"home","4059 Accumsan Av.","Schwerin","Rhonda","64-453"),(424,5701,"home","281-4688 Sed St.","Erquelinnes","Victoria","64863"),(425,5702,"home","8542 Quisque Street","Passau","Dora","9160"),(426,5703,"home","P.O. Box 841, 5870 Pellentesque, St.","Hartford","Melodie","97158-788"),(427,5704,"home","974-3913 Ultricies Street","Sitapur","Bradley","3392"),(428,5705,"home","P.O. Box 812, 4269 Sed Avenue","Ethe","Blaine","88930"),(429,5706,"home","P.O. Box 264, 6507 Eu Rd.","Dalcahue","Dean","3593"),(430,5707,"home","499-9787 Velit Street","Esslingen","Hakeem","3010");
INSERT INTO Customer (CID,AddressID,AddressType,Street,City,cState,ZipCode) VALUES (431,5708,"home","2489 Vel St.","Huara","Buckminster","06110"),(432,5709,"home","496-7253 Ad St.","Deline","Colt","251743"),(433,5710,"home","Ap #906-421 Vestibulum Av.","Pietrasanta","Yvonne","1463 FF"),(434,5711,"home","Ap #957-9863 Facilisis Av.","Reggio nell'Emilia","Warren","65393"),(435,5712,"home","Ap #776-5123 Tristique Ave","Araban","Melvin","28078"),(436,5713,"home","497-9597 Cursus Rd.","Tokoroa","Norman","0521"),(437,5714,"home","Ap #273-3911 Et St.","Wellington","Ina","34016"),(438,5715,"home","Ap #752-2604 Ipsum Ave","Rock Springs","Jaime","067528"),(439,5716,"home","Ap #394-7338 Ut St.","Roccasicura","Jeanette","2503"),(440,5717,"home","6090 Orci, Av.","Bearberry","Destiny","096339");
INSERT INTO Customer (CID,AddressID,AddressType,Street,City,cState,ZipCode) VALUES (441,5718,"home","509-9762 Aliquet Street","Turrialba","Finn","04980"),(442,5719,"home","P.O. Box 583, 9603 Euismod Rd.","Kassel","Ria","8636"),(443,5720,"home","7955 Auctor, St.","New Orleans","Ian","37695"),(444,5721,"home","P.O. Box 679, 6075 Sollicitudin St.","Hunstanton","Jack","9933"),(445,5722,"home","P.O. Box 933, 284 Quis Av.","Woutersbrakel","Jameson","04693"),(446,5723,"home","Ap #611-3223 Egestas. Road","Bernau","Cadman","4773 DU"),(447,5724,"home","866-9083 Fermentum Ave","Hamme","Ali","3934"),(448,5725,"home","296-6432 Nulla St.","Ucluelet","Justine","7788"),(449,5726,"home","P.O. Box 148, 9022 Mi St.","Titagarh","Brielle","J5E 6C9"),(450,5727,"home","P.O. Box 488, 1534 Fringilla Ave","Calmar","Veronica","75438-224");
INSERT INTO Customer (CID,AddressID,AddressType,Street,City,cState,ZipCode) VALUES (451,5728,"home","559-984 Volutpat. Av.","Gespeg","Yael","01158"),(452,5729,"home","P.O. Box 838, 5422 A Ave","Sart-Dames-Avelines","Tate","6552"),(453,5730,"home","P.O. Box 875, 6579 Felis Rd.","Montbliart","Kellie","59341"),(454,5731,"home","Ap #181-1365 Donec Av.","Savannah","Kibo","090584"),(455,5732,"home","3646 Justo. Rd.","Ludvika","Karly","2941 XO"),(456,5733,"home","4162 Dapibus Street","Poucet","Skyler","10165"),(457,5734,"home","Ap #852-4907 Nec, St.","Salvador","Walter","56666"),(458,5735,"home","Ap #173-6832 Lorem Street","Gasp","Hillary","61019"),(459,5736,"home","8045 In St.","Fatehpur","Xavier","184612"),(460,5737,"home","P.O. Box 341, 9362 Ligula St.","Gasp","Dorothy","28491");
INSERT INTO Customer (CID,AddressID,AddressType,Street,City,cState,ZipCode) VALUES (461,5738,"home","P.O. Box 464, 2064 In, Avenue","Kamoke","Harlan","7430"),(462,5739,"home","827-2390 Suspendisse Rd.","Quilicura","Kirestin","96092"),(463,5740,"home","5409 Auctor Road","Koekelberg","Brittany","94631"),(464,5741,"home","P.O. Box 664, 2209 Auctor Street","Columbia","Jackson","94-800"),(465,5742,"home","216-4805 Nisl. Rd.","Opprebais","Hall","67-961"),(466,5743,"home","146-2269 Ut Street","Dolcedo","Mufutau","74713"),(467,5744,"home","Ap #346-2775 Neque. Avenue","Bazel","Chandler","66835"),(468,5745,"home","1727 Dolor Avenue","Caprino Bergamasco","Flavia","28514"),(469,5746,"home","P.O. Box 647, 5532 Penatibus Rd.","So Gonalo","Zane","R4J 9Z3"),(470,5747,"home","P.O. Box 295, 4468 Est. Street","Izmir","Otto","37-497");
INSERT INTO Customer (CID,AddressID,AddressType,Street,City,cState,ZipCode) VALUES (471,5748,"home","143-4965 Luctus Road","Leugnies","Lewis","538053"),(472,5749,"home","3984 Augue Street","Birmingham","Brendan","29360"),(473,5750,"home","4954 Nam Rd.","Brandenburg","Cailin","9019"),(474,5751,"home","441-2834 Interdum Rd.","Bon Accord","Selma","478097"),(475,5752,"home","Ap #562-3187 Sociosqu Ave","Cavasso Nuovo","Odysseus","22-228"),(476,5753,"home","174-4712 Fringilla Rd.","Strathcona County","Winifred","06002"),(477,5754,"home","3244 Hendrerit Rd.","Bernburg","Leah","36981"),(478,5755,"home","483-5452 Blandit. St.","Tiel","Dakota","05957-144"),(479,5756,"home","Ap #166-5879 Nunc Av.","Banff","Stacy","659683"),(480,5757,"home","P.O. Box 942, 1069 Malesuada Avenue","Roselies","Briar","47142-338");
INSERT INTO Customer (CID,AddressID,AddressType,Street,City,cState,ZipCode) VALUES (481,5758,"home","286-1057 Interdum. Rd.","Sikar","Jerome","56784"),(482,5759,"home","2586 Phasellus St.","Renaico","Byron","28324-384"),(483,5760,"home","P.O. Box 396, 9474 Donec Street","Leeuwarden","Michael","4727"),(484,5761,"home","Ap #773-4258 Orci St.","Barcelona","Perry","5299"),(485,5762,"home","633 Viverra. Avenue","Norman","Brooke","3467"),(486,5763,"home","695-3046 Dictum St.","Aix-en-Provence","Samantha","321855"),(487,5764,"home","490-2160 Quam Ave","Ribnitz-Damgarten","Gray","77878"),(488,5765,"home","505-7134 In Rd.","Mostazal","Ria","250760"),(489,5766,"home","9958 Et Rd.","Carluke","Bernard","129845"),(490,5767,"home","866-6153 Morbi Ave","Huissen","Tanisha","12467-373");
INSERT INTO Customer (CID,AddressID,AddressType,Street,City,cState,ZipCode) VALUES (491,5768,"home","706-6390 Auctor Av.","Serik","Walker","6648"),(492,5769,"home","Ap #566-3792 Sem Ave","Pike Creek","Sheila","74762"),(493,5770,"home","6314 Nunc Avenue","Cajazeiras","Ezra","X4M 4GX"),(494,5771,"home","7125 Cursus Ave","Villa Cortese","Justina","7664"),(495,5772,"home","163-4972 Nullam Av.","Kermt","Maia","B6X 1X8"),(496,5773,"home","Ap #828-5044 Lectus St.","Glenrothes","Moses","20515-453"),(497,5774,"home","Ap #629-5431 Enim Avenue","Ottawa-Carleton","Emi","218673"),(498,5775,"home","2129 Mauris Ave","Draguignan","Sheila","4066"),(499,5776,"home","P.O. Box 960, 9256 Bibendum. Street","Eugene","Guy","2552"),(500,5777,"home","309-2429 Ullamcorper Rd.","Montbliard","Dolan","820669");
INSERT INTO Customer (CID,AddressID,AddressType,Street,City,cState,ZipCode) VALUES (501,6789,"home","1599 Odio. Ave","Asti","Eaton","7666"),(502,6790,"home","Ap #146-8413 Lobortis Av.","Santipur","Ciaran","46350-361"),(503,6791,"home","1771 Enim. Av.","Spresiano","Lacota","6096 MJ"),(504,6792,"home","487-2219 Interdum. St.","Verrebroek","Ifeoma","1725"),(505,6793,"home","354-8452 In Street","Sioux City","Leilani","9102"),(506,6794,"home","P.O. Box 223, 3917 Id, Avenue","Genova","Ferdinand","82270-267"),(507,6795,"home","Ap #973-5970 Mauris Rd.","Eluru","Eagan","6706"),(508,6796,"home","434-8310 Nec, Ave","Affligem","Tamekah","50510"),(509,6797,"home","1374 Sem St.","Green Bay","Graham","4052"),(510,6798,"home","264-3673 Placerat Av.","Markham","Phoebe","19158");
INSERT INTO Customer (CID,AddressID,AddressType,Street,City,cState,ZipCode) VALUES (511,6799,"home","P.O. Box 193, 5158 Volutpat Ave","Castelseprio","Tana","7186"),(512,6800,"home","6191 Lectus St.","Nogales","Lee","880836"),(513,6801,"home","779-186 Tincidunt. Rd.","Krishnanagar","Regan","5656"),(514,6802,"home","425 Mauris Rd.","Huntsville","Sharon","35331"),(515,6803,"home","3913 Dui. Ave","Rodengo/Rodeneck","Amelia","29171"),(516,6804,"home","P.O. Box 653, 5562 Ipsum Ave","Rishra","Mohammad","8940"),(517,6805,"home","1654 Porttitor Ave","Feilding","Carissa","71541"),(518,6806,"home","Ap #253-6760 Ut Avenue","Bellegem","Zeph","G2G 5JU"),(519,6807,"home","3749 Aliquet, Av.","Montebello","Tad","PF5L 6CO"),(520,6808,"home","P.O. Box 706, 7929 Ipsum. Ave","Sherbrooke","Keith","89384");
INSERT INTO Customer (CID,AddressID,AddressType,Street,City,cState,ZipCode) VALUES (521,6809,"home","Ap #748-1525 Massa. Rd.","Concn","Laura","8744"),(522,6810,"home","P.O. Box 239, 1374 Et Rd.","Rawalpindi","Raymond","48914"),(523,6811,"home","P.O. Box 348, 6046 Est. St.","Ruda","Malik","805553"),(524,6812,"home","4584 Vel, Rd.","Leduc","Kitra","W90 1SW"),(525,6813,"home","4217 Dictum. Rd.","Villafranca Tirrena","Sopoline","3271 XI"),(526,6814,"home","3514 Curabitur St.","Paradise","Oren","8026"),(527,6815,"home","Ap #427-3041 Laoreet, St.","Sovizzo","Serena","90895-934"),(528,6816,"home","189-5269 Eu Road","Maizeret","Jade","3711"),(529,6817,"home","Ap #721-649 Sit St.","Frignano","Kyla","48462"),(530,6818,"home","383-6974 Odio. Ave","Lesve","Moana","K1O 6ZY");
INSERT INTO Customer (CID,AddressID,AddressType,Street,City,cState,ZipCode) VALUES (531,6819,"home","P.O. Box 319, 2947 Dictum Avenue","Spresiano","Cade","62197"),(532,6820,"home","8199 Sem St.","Buckingham","Thomas","8700 QY"),(533,6821,"home","Ap #197-3998 Cras Rd.","Merksplas","Fleur","53702"),(534,6822,"home","Ap #262-1706 Morbi Street","ereflikohisar","Veda","84180"),(535,6823,"home","Ap #965-5139 Id Ave","Devizes","Burton","80257"),(536,6824,"home","Ap #964-4041 Mauris Rd.","Calera","Vance","S9G 0S3"),(537,6825,"home","P.O. Box 851, 7325 Nunc, Ave","Mlin","Nicholas","157090"),(538,6826,"home","658-8725 Sit Av.","Louisville","Gavin","07-271"),(539,6827,"home","Ap #746-4032 Id Rd.","South Bend","Dalton","50436"),(540,6828,"home","P.O. Box 701, 184 Adipiscing, Road","Bolton","Ramona","55084");
INSERT INTO Customer (CID,AddressID,AddressType,Street,City,cState,ZipCode) VALUES (541,6829,"home","756-6615 Eget, Rd.","Portsmouth","Orlando","11112"),(542,6830,"home","Ap #902-4419 Diam St.","Roxboro","Chastity","00-633"),(543,6831,"home","Ap #516-9752 Elit Road","Ronciglione","Danielle","2476"),(544,6832,"home","Ap #744-2796 Dui Road","Roio del Sangro","Sydnee","14-403"),(545,6833,"home","718-9757 Tempor, Avenue","Comeglians","Rahim","4233 LC"),(546,6834,"home","3570 Consectetuer Rd.","Cochin","Emerald","154248"),(547,6835,"home","1989 Nec, St.","Lochranza","Chloe","879353"),(548,6836,"home","P.O. Box 783, 2183 Pellentesque St.","Chilln Viejo","Gray","4943"),(549,6837,"home","Ap #309-8541 Pede. St.","Grand Island","Naida","4335"),(550,6838,"home","6331 Diam. St.","Baltasound","Melvin","5077");
INSERT INTO Customer (CID,AddressID,AddressType,Street,City,cState,ZipCode) VALUES (551,6839,"home","4868 Aliquam Rd.","Ayas","Branden","3163"),(552,6840,"home","388-3941 Suspendisse St.","Uberlndia","Jonah","483398"),(553,6841,"home","P.O. Box 631, 1739 Rutrum Av.","Roxboro","Kevyn","0279"),(554,6842,"home","Ap #769-1844 Dui. Ave","Cache Creek","Shafira","40460"),(555,6843,"home","208-5087 Non Avenue","Borchtlombeek","Yuli","9386"),(556,6844,"home","Ap #803-532 Netus Ave","Ludwigsburg","Leonard","20300"),(557,6845,"home","P.O. Box 610, 7398 Ridiculus Ave","Wageningen","Dana","532588"),(558,6846,"home","P.O. Box 956, 6127 Interdum Rd.","Laces/Latsch","Kieran","21298"),(559,6847,"home","1650 Et, Av.","Green Bay","Tanisha","183396"),(560,6848,"home","Ap #931-6937 Lobortis Avenue","Panquehue","Nero","78-581");
INSERT INTO Customer (CID,AddressID,AddressType,Street,City,cState,ZipCode) VALUES (561,6849,"home","P.O. Box 997, 9504 Ante St.","Fuenlabrada","Willow","70914"),(562,6850,"home","8276 Nulla Ave","Vedrin","Rashad","98701"),(563,6851,"home","2416 At, Ave","Recanati","Leslie","79069"),(564,6852,"home","7257 Sollicitudin Rd.","Gignod","Xandra","31682"),(565,6853,"home","7147 Ante Rd.","Mandya","Clementine","70706"),(566,6854,"home","P.O. Box 396, 7397 Arcu St.","Castel Ritaldi","Alexis","02816"),(567,6855,"home","433 Enim, Rd.","Genova","Castor","44124-901"),(568,6856,"home","287-3321 Hymenaeos. Av.","Herenthout","Germaine","7299 OO"),(569,6857,"home","4863 Neque. Ave","Waitakere","Grant","40811"),(570,6858,"home","P.O. Box 575, 3126 Urna Street","Chiny","Aidan","3561");
INSERT INTO Customer (CID,AddressID,AddressType,Street,City,cState,ZipCode) VALUES (571,6859,"home","765-8419 Vivamus Avenue","Leut","Rinah","19438"),(572,6860,"home","Ap #739-6901 Ante Ave","Pedace","Keely","206660"),(573,6861,"home","P.O. Box 526, 7572 Elit. Ave","Cittanova","Glenna","629522"),(574,6862,"home","Ap #572-3157 Bibendum St.","Jerzu","Callum","52622-894"),(575,6863,"home","342-3457 Elementum, St.","South Bend","Madeline","657292"),(576,6864,"home","7402 Metus. Road","Rsselsheim","Melvin","12059"),(577,6865,"home","2505 Hendrerit Ave","Borchtlombeek","Dorian","02597"),(578,6866,"home","P.O. Box 514, 8786 Egestas Av.","Besanon","Pamela","75010"),(579,6867,"home","Ap #104-4113 Nec, Av.","Minto","Axel","75901"),(580,6868,"home","Ap #207-3750 Sit Avenue","Spinoso","Ivan","22025");
INSERT INTO Customer (CID,AddressID,AddressType,Street,City,cState,ZipCode) VALUES (581,6869,"home","P.O. Box 466, 8485 Integer Rd.","Wollongong","Donovan","2121"),(582,6870,"home","4245 Ultrices. St.","Cte Saint-Luc","Ezekiel","41214"),(583,6871,"home","P.O. Box 525, 9208 Ligula. Street","Zwickau","Zahir","1013 YL"),(584,6872,"home","P.O. Box 740, 9873 Tincidunt Street","Meridian","Nelle","ZD2 0GC"),(585,6873,"home","Ap #228-9088 Ac Rd.","Avennes","Buckminster","7161"),(586,6874,"home","Ap #847-1648 Egestas. Ave","Hassan","Chancellor","050277"),(587,6875,"home","5058 Augue Road","Bhiwani","Uriah","20785-954"),(588,6876,"home","Ap #246-5903 Tortor. Av.","Zelem","Kim","100644"),(589,6877,"home","P.O. Box 283, 9790 Curae; Street","Zirl","Ryan","7517"),(590,6878,"home","Ap #130-3691 Proin Av.","Lakeland County","Jameson","29536");
INSERT INTO Customer (CID,AddressID,AddressType,Street,City,cState,ZipCode) VALUES (591,6879,"home","429-5327 Et, Road","Perchtoldsdorf","Kiara","9145"),(592,6880,"home","8071 Nullam Rd.","ereflikohisar","Owen","59646"),(593,6881,"home","572-8366 Tristique Ave","Smithers","Chaim","47918"),(594,6882,"home","Ap #307-2124 Magna. Avenue","Luckenwalde","Jonas","1275"),(595,6883,"home","8914 Curabitur Avenue","Bensheim","Aaron","20216"),(596,6884,"home","P.O. Box 817, 1811 Mattis St.","Curepto","Sydney","ES60 2DV"),(597,6885,"home","974-7848 Egestas, Road","Ospedaletto Lodigiano","Xander","93453"),(598,6886,"home","4133 Adipiscing, Rd.","Broechem","Alvin","K5F 9AH"),(599,6887,"home","8805 Id Road","Gliwice","Evan","927003"),(600,6888,"home","P.O. Box 646, 5113 Amet Av.","Daiano","Jemima","5006");
INSERT INTO Customer (CID,AddressID,AddressType,Street,City,cState,ZipCode) VALUES (601,7890,"home","4346 Amet Road","Devon","Zachery","81218"),(602,7891,"home","Ap #733-8484 Turpis Avenue","Neuss","Kirsten","7107"),(603,7892,"home","Ap #115-310 Egestas St.","Blairgowrie","Reed","11914"),(604,7893,"home","P.O. Box 650, 5785 Nec, Ave","St. David's","Theodore","J3M 4A9"),(605,7894,"home","9625 Est Rd.","Castelseprio","Reuben","G0J 6G3"),(606,7895,"home","3779 Nascetur Rd.","Groot-Bijgaarden","Gregory","513166"),(607,7896,"home","521-4950 Hendrerit Av.","Winterswijk","Kiara","516286"),(608,7897,"home","531-4339 Nulla St.","Bergisch Gladbach","Iris","08813"),(609,7898,"home","Ap #731-7998 Donec Street","Sromness","Marvin","25-337"),(610,7899,"home","Ap #433-4529 Adipiscing. Rd.","Warren","Uriah","013722");
INSERT INTO Customer (CID,AddressID,AddressType,Street,City,cState,ZipCode) VALUES (611,7900,"home","3536 Non, Road","Bristol","April","37158"),(612,7901,"home","8188 Ipsum Avenue","Develi","Perry","97340"),(613,7902,"home","Ap #973-7553 Quisque Rd.","Strongoli","Melanie","90307-638"),(614,7903,"home","Ap #786-1574 Erat. Av.","Tredegar","Daquan","3843"),(615,7904,"home","Ap #529-5936 Sem Ave","Clarksville","Pamela","38-596"),(616,7905,"home","7428 Senectus Rd.","Chaitn","Mikayla","21316"),(617,7906,"home","P.O. Box 856, 3879 Enim, Avenue","Tubeke Tubize","Rhiannon","639933"),(618,7907,"home","996-275 Dolor, Ave","Valparai","Lani","4971"),(619,7908,"home","Ap #537-8740 Vulputate St.","Livingston","Thor","6342 SQ"),(620,7909,"home","620-3569 Elementum, St.","Folx-les-Caves","Steel","G8T 0H9");
INSERT INTO Customer (CID,AddressID,AddressType,Street,City,cState,ZipCode) VALUES (621,7910,"home","292-6928 Dui Road","Cockburn","Alec","19083"),(622,7911,"home","P.O. Box 455, 2925 Scelerisque, St.","Montignoso","Magee","52831"),(623,7912,"home","574-3659 Fermentum St.","Norcia","Kelsey","9615"),(624,7913,"home","548-3515 Ac Street","Bella","Jemima","6308"),(625,7914,"home","1748 Nostra, St.","Gary","Britanney","41971"),(626,7915,"home","P.O. Box 737, 3518 Justo Rd.","Zamo","Michael","2066 NN"),(627,7916,"home","P.O. Box 335, 8328 Aenean Ave","Rocca Massima","Rhea","542625"),(628,7917,"home","Ap #983-3201 Egestas Rd.","Paiguano","Cally","616546"),(629,7918,"home","P.O. Box 340, 4965 Velit St.","Ila","Stephanie","21466"),(630,7919,"home","P.O. Box 489, 8423 Semper Rd.","Green Bay","Garth","45022");
INSERT INTO Customer (CID,AddressID,AddressType,Street,City,cState,ZipCode) VALUES (631,7920,"home","7431 Dui. Road","Orciano Pisano","Yvette","60217"),(632,7921,"home","527 Nullam St.","Hulshout","Lydia","61626"),(633,7922,"home","246-3416 Et Av.","Rio nell'Elba","Cheyenne","2558"),(634,7923,"home","Ap #458-4940 Ac Rd.","Cuglieri","Nora","83944"),(635,7924,"home","Ap #519-2770 Sem Av.","Casalbuono","Dustin","39473"),(636,7925,"home","P.O. Box 291, 3939 Cras Rd.","Cedar Rapids","Gillian","4634"),(637,7926,"home","269-5969 Pellentesque Ave","Hilversum","Donna","214808"),(638,7927,"home","4451 Ante Road","Castel Volturno","Madeson","E9D 2XH"),(639,7928,"home","P.O. Box 786, 5309 Elit Road","Wandsworth","Merritt","9654"),(640,7929,"home","Ap #751-4133 Integer Rd.","Grafton","Belle","11507-995");
INSERT INTO Customer (CID,AddressID,AddressType,Street,City,cState,ZipCode) VALUES (641,7930,"home","886-3072 Aliquam Rd.","Hemel Hempstead","Susan","195361"),(642,7931,"home","6347 Aliquet Rd.","Diano Arentino","Kiona","32226"),(643,7932,"home","Ap #703-7221 Mi Rd.","Bordeaux","Brennan","31607"),(644,7933,"home","6541 Aliquam Av.","Ficarolo","Selma","86581"),(645,7934,"home","P.O. Box 994, 4725 Non, Ave","Bolton","Anthony","45345"),(646,7935,"home","964-954 Nec, St.","Saint-Hilarion","Vincent","8035"),(647,7936,"home","P.O. Box 784, 9416 Et St.","Chemnitz","Magee","97466"),(648,7937,"home","330-3857 Nascetur St.","Gespeg","Keith","9633"),(649,7938,"home","P.O. Box 682, 9655 Amet Rd.","Kearney","Malachi","3420"),(650,7939,"home","P.O. Box 156, 6542 Tincidunt Av.","Angleur","Kaden","413197");
INSERT INTO Customer (CID,AddressID,AddressType,Street,City,cState,ZipCode) VALUES (651,7940,"home","P.O. Box 402, 5735 Porttitor St.","Ayas","Celeste","397816"),(652,7941,"home","Ap #373-2080 Nam St.","Orciano Pisano","Jackson","9016"),(653,7942,"home","667 Duis St.","Bogaarden","Alika","2839 ZR"),(654,7943,"home","1515 At Av.","Rocca di Cambio","Candice","7730"),(655,7944,"home","P.O. Box 820, 6570 Enim Road","Bolinne","Jillian","UX7X 7XN"),(656,7945,"home","Ap #989-9597 Nunc Avenue","Rijkevorsel","Brennan","38687"),(657,7946,"home","828-397 Lectus Rd.","Kuurne","Kaitlin","15356"),(658,7947,"home","Ap #942-4616 Nunc Road","Tuscaloosa","Cairo","16861"),(659,7948,"home","8127 Euismod St.","Sivry-Rance","Aladdin","786463"),(660,7949,"home","Ap #539-8585 Morbi Rd.","Lustenau","Chase","20749");
INSERT INTO Customer (CID,AddressID,AddressType,Street,City,cState,ZipCode) VALUES (661,7950,"home","P.O. Box 879, 8871 Condimentum. Rd.","Nurda","Hamilton","1878"),(662,7951,"home","Ap #692-5199 Massa. Rd.","Ragnies","Nehru","966334"),(663,7952,"home","1519 Facilisi. Av.","Hazaribag","Tamara","06772"),(664,7953,"home","7988 Pellentesque Street","Gttingen","Garth","686912"),(665,7954,"home","570-1918 Sem, Rd.","Hull","Cade","3203 DQ"),(666,7955,"home","200-7278 Eu Ave","Mariakerke","August","20203"),(667,7956,"home","607-713 Commodo Rd.","Tacoma","Jamalia","31811"),(668,7957,"home","4689 Luctus Road","San Ignacio","Yeo","25741-433"),(669,7958,"home","293-5543 Donec Rd.","Aparecida de Goinia","Henry","14-410"),(670,7959,"home","990-5015 Faucibus Avenue","Saint-Brieuc","Anastasia","0839 LQ");
INSERT INTO Customer (CID,AddressID,AddressType,Street,City,cState,ZipCode) VALUES (671,7960,"home","P.O. Box 800, 5133 Adipiscing St.","Chiauci","Barbara","39767"),(672,7961,"home","P.O. Box 184, 182 Tellus Street","Nova Iguau","Trevor","4029"),(673,7962,"home","491-5066 Pede, Avenue","Bertre","Nasim","17500"),(674,7963,"home","282-5876 Pharetra, Avenue","Dolgellau","Marvin","62078"),(675,7964,"home","P.O. Box 325, 6260 Phasellus St.","Cumbernauld","Armando","V2Y 0G1"),(676,7965,"home","P.O. Box 377, 7312 Condimentum. Av.","Lakewood","Noah","454145"),(677,7966,"home","P.O. Box 763, 8245 Et, St.","Warisoulx","Lenore","68141"),(678,7967,"home","4525 Ligula. St.","Longvilly","Kamal","9122"),(679,7968,"home","2946 Mauris, Avenue","Kohima","Mercedes","I5 9GL"),(680,7969,"home","964-5508 Augue Av.","Stonewall","Tara","414672");
INSERT INTO Customer (CID,AddressID,AddressType,Street,City,cState,ZipCode) VALUES (681,7970,"home","Ap #325-6898 Erat Street","Cumberland County","Justin","175875"),(682,7971,"home","P.O. Box 615, 388 Massa. Av.","Ellon","Jorden","520606"),(683,7972,"home","Ap #152-5808 Phasellus Road","Koblenz","Brady","24609"),(684,7973,"home","Ap #420-118 Id, Road","Abbeville","Maya","8004 ZT"),(685,7974,"home","Ap #231-3715 Integer Road","Arnhem","Alexis","675047"),(686,7975,"home","4905 Tempus St.","Cumberland","Lionel","59869"),(687,7976,"home","474-3486 Justo Street","Wierde","Charde","54661"),(688,7977,"home","P.O. Box 750, 8853 Donec Street","Westlock","Louis","73896"),(689,7978,"home","Ap #608-6395 Lacinia. Ave","Riparbella","Vanna","3633 YM"),(690,7979,"home","5023 Nunc Avenue","100 Mile House","Merritt","8112");
INSERT INTO Customer (CID,AddressID,AddressType,Street,City,cState,ZipCode) VALUES (691,7980,"home","5886 Nullam Rd.","Oldenburg","Brynne","27336"),(692,7981,"home","274-653 Aliquet Ave","Chiny","Hamilton","6984"),(693,7982,"home","4134 Elit Road","Pettoranello del Molise","Garrison","330802"),(694,7983,"home","643 Orci Ave","Freiberg","Frances","2588"),(695,7984,"home","P.O. Box 282, 4810 Vivamus St.","Somma Lombardo","Nash","976709"),(696,7985,"home","Ap #365-5987 Faucibus Avenue","Bacabal","Allegra","04026"),(697,7986,"home","113-9307 Suspendisse Av.","Weston-super-Mare","Michelle","20819"),(698,7987,"home","7123 Mauris Rd.","Neu-Ulm","Drew","61215"),(699,7988,"home","P.O. Box 113, 2948 Mollis. Av.","Caldera","Cassady","624684"),(700,7989,"home","713-3398 Pede. Av.","Empoli","Clare","31715");
INSERT INTO Customer (CID,AddressID,AddressType,Street,City,cState,ZipCode) VALUES (701,8901,"home","5739 Ornare Av.","Vorselaar","Mechelle","62-937"),(702,8902,"home","2430 Duis Rd.","Rahim Yar Khan","Kirsten","23365"),(703,8903,"home","Ap #116-2200 Sollicitudin Road","Karapnar","Zena","T6S 9W3"),(704,8904,"home","Ap #702-4291 Magna. Road","Aulnay-sous-Bois","Zane","C2W 3V0"),(705,8905,"home","477-4892 Pellentesque Rd.","Guilmi","Reuben","KZ0 2MQ"),(706,8906,"home","Ap #467-3936 Varius Street","Chishtian Mandi","Abigail","6524"),(707,8907,"home","692-7568 Phasellus Avenue","Rapagnano","Lucas","33618"),(708,8908,"home","Ap #670-2565 Urna Street","Mnchengladbach","Raya","79925"),(709,8909,"home","Ap #772-779 Augue Street","Zelem","Cora","59358"),(710,8910,"home","Ap #613-184 Suscipit St.","Bulnes","Quincy","527792");
INSERT INTO Customer (CID,AddressID,AddressType,Street,City,cState,ZipCode) VALUES (711,8911,"home","P.O. Box 369, 8368 Mattis Avenue","Balen","Ulric","N9J 2A7"),(712,8912,"home","Ap #627-3313 Mi Street","Montignoso","Tanek","33616"),(713,8913,"home","Ap #278-3663 Phasellus Avenue","Truro","Madonna","77905"),(714,8914,"home","2728 Vitae Street","Saint Andr","Rafael","10203"),(715,8915,"home","107-9743 Dignissim Rd.","Biloxi","Jana","14550"),(716,8916,"home","5132 Dolor St.","Couillet","Tucker","19862"),(717,8917,"home","293-5370 Nisl Av.","Riesa","Nina","6814 RY"),(718,8918,"home","Ap #963-2574 Aliquam Street","Ellikom","Leroy","20701"),(719,8919,"home","5373 Erat Road","St. Austell","Carl","89288-703"),(720,8920,"home","974-6123 Sed, Rd.","Newton Abbot","Zena","01830");
INSERT INTO Customer (CID,AddressID,AddressType,Street,City,cState,ZipCode) VALUES (721,8921,"home","Ap #324-8618 Maecenas Av.","Affligem","Eaton","2840 AV"),(722,8922,"home","220-8268 In St.","Hilo","Nadine","36160"),(723,8923,"home","P.O. Box 734, 3185 Diam. Rd.","Jalandhar (Jullundur)","Louis","91471"),(724,8924,"home","950-6691 Nec Rd.","Windsor","Gail","63-491"),(725,8925,"home","5931 Ut Av.","Sart-Dames-Avelines","Neil","34263"),(726,8926,"home","9200 Gravida St.","Denver","Troy","849084"),(727,8927,"home","653-1424 Nisi. Street","Scorrano","Allistair","75755"),(728,8928,"home","163-5028 Euismod Rd.","Tongerlo","Bryar","56782"),(729,8929,"home","Ap #710-6876 Magna Rd.","Fraser Lake","Carson","120456"),(730,8930,"home","P.O. Box 342, 3784 Aenean Av.","Sassocorvaro","Audra","8585");
INSERT INTO Customer (CID,AddressID,AddressType,Street,City,cState,ZipCode) VALUES (731,8931,"home","5750 Lacus. Street","Thane","Cole","30167"),(732,8932,"home","4668 Nibh St.","Fremantle","Kermit","M2 3RK"),(733,8933,"home","P.O. Box 788, 7648 Ultricies Rd.","Hexham","Ezra","303039"),(734,8934,"home","780-1678 Amet, Rd.","Baltimore","Fletcher","85833"),(735,8935,"home","Ap #855-9830 Neque. St.","Saint-Denis","Flynn","35635"),(736,8936,"home","P.O. Box 540, 4544 Vestibulum Rd.","Warisoulx","Andrew","2075"),(737,8937,"home","P.O. Box 494, 6892 Eget Rd.","Traiskirchen","Omar","25580"),(738,8938,"home","4372 Elit, Rd.","Nives","Amal","51404"),(739,8939,"home","859-8915 Dignissim St.","Rouvroy","Martha","5680"),(740,8940,"home","2986 Aenean St.","Tiverton","Dante","53526");
INSERT INTO Customer (CID,AddressID,AddressType,Street,City,cState,ZipCode) VALUES (741,8941,"home","3337 Volutpat. Avenue","Leersum","Alfreda","6476"),(742,8942,"home","4522 Cum St.","Montes Claros","Patrick","994609"),(743,8943,"home","2904 Enim. Street","Kansas City","Aileen","7991"),(744,8944,"home","P.O. Box 543, 8612 Vehicula Road","Bhatpara","Seth","942547"),(745,8945,"home","Ap #382-6723 Lacus. St.","Cressa","Uma","16186"),(746,8946,"home","P.O. Box 181, 7947 In Ave","Ravenstein","Claudia","37-162"),(747,8947,"home","4570 In, St.","Bragana","Darryl","12-261"),(748,8948,"home","751-2230 Nonummy. Av.","Edmundston","Brent","3355"),(749,8949,"home","1275 Nec, Street","Mendonk","Oren","8831"),(750,8950,"home","4789 Consectetuer St.","Balvano","Vance","694978");
INSERT INTO Customer (CID,AddressID,AddressType,Street,City,cState,ZipCode) VALUES (751,8951,"home","P.O. Box 260, 4272 Arcu Avenue","Victoria","Xaviera","944076"),(752,8952,"home","P.O. Box 360, 9009 Imperdiet St.","Jonesboro","Chaney","51513"),(753,8953,"home","P.O. Box 567, 7573 Non Rd.","Linz","James","6838"),(754,8954,"home","7987 Eros. Ave","Schwechat","Cooper","9975"),(755,8955,"home","9089 Pellentesque Ave","Glendale","Melvin","20-270"),(756,8956,"home","345-6760 Mauris Avenue","Cantalupo in Sabina","Connor","09186-189"),(757,8957,"home","254-3356 Ultricies Road","Couillet","Martha","11271"),(758,8958,"home","4347 Eu Rd.","Sanzeno","Chloe","6411"),(759,8959,"home","Ap #586-8063 Non, Av.","San Juan de Dios","Daryl","901164"),(760,8960,"home","P.O. Box 635, 5521 Nisl St.","Duluth","Allistair","477387");
INSERT INTO Customer (CID,AddressID,AddressType,Street,City,cState,ZipCode) VALUES (761,8961,"home","765 Mi, St.","Sant'Angelo a Cupolo","Winifred","3345"),(762,8962,"home","P.O. Box 934, 2628 Malesuada Ave","Grezzana","Mechelle","X28 5OW"),(763,8963,"home","820-9859 Et, St.","Wimmertingen","Uta","0616 AE"),(764,8964,"home","915-8384 Luctus Avenue","Rutten","Risa","6166"),(765,8965,"home","P.O. Box 609, 1001 Et Road","Montacuto","Brenna","06891"),(766,8966,"home","762-6523 Elit. Street","Castelvecchio Calvisio","Barclay","63048"),(767,8967,"home","P.O. Box 475, 9667 Nec Rd.","Forgaria nel Friuli","Tate","186378"),(768,8968,"home","Ap #829-3854 Cras Rd.","Stockport","Noble","61928"),(769,8969,"home","912 Condimentum Ave","Fort Providence","Ima","631537"),(770,8970,"home","7450 Metus Avenue","Nampa","Phyllis","897376");
INSERT INTO Customer (CID,AddressID,AddressType,Street,City,cState,ZipCode) VALUES (771,8971,"home","672-3166 Arcu Av.","Morinville","Cynthia","55814"),(772,8972,"home","6291 Nulla Road","Charlottetown","Eve","748969"),(773,8973,"home","7400 Nec St.","Ciudad Real","Aline","S7E 6HP"),(774,8974,"home","6560 Odio St.","Naninne","Mason","E0E 7L3"),(775,8975,"home","4559 Non, Av.","Anamur","Gemma","599269"),(776,8976,"home","P.O. Box 135, 4621 Sed Rd.","Pike Creek","Tallulah","13459"),(777,8977,"home","P.O. Box 218, 5339 Nec, Road","Bodmin","Abraham","4561 LY"),(778,8978,"home","9092 Ligula St.","Gambol","Kiona","4922"),(779,8979,"home","Ap #290-5803 Feugiat Rd.","Zapallar","Sloane","WW2 4ET"),(780,8980,"home","P.O. Box 936, 2497 Aenean Rd.","Imphal","Kellie","96226-968");
INSERT INTO Customer (CID,AddressID,AddressType,Street,City,cState,ZipCode) VALUES (781,8981,"home","Ap #710-2446 Aenean Avenue","Naninne","Myles","48407"),(782,8982,"home","9202 Sem Street","Haren","Buckminster","875491"),(783,8983,"home","Ap #669-371 Magnis Street","Santa Rita","Cullen","61419"),(784,8984,"home","552 Ornare, Street","Chesterfield","Leigh","E8Y 3J7"),(785,8985,"home","5495 Consectetuer, St.","Mjlby","Gray","36782"),(786,8986,"home","152-7328 Nullam Road","Champigny-sur-Marne","Hiram","2379"),(787,8987,"home","8866 Maecenas Rd.","Baileux","Peter","180341"),(788,8988,"home","P.O. Box 984, 6756 Accumsan Rd.","Meridian","Janna","40613"),(789,8989,"home","431-4992 Magnis Av.","Seloignes","Taylor","73695"),(790,8990,"home","8844 Laoreet St.","Bari","Fletcher","99258");
INSERT INTO Customer (CID,AddressID,AddressType,Street,City,cState,ZipCode) VALUES (791,8991,"home","P.O. Box 373, 4531 Gravida. Rd.","Daknam","Rana","43272"),(792,8992,"home","P.O. Box 424, 4707 Eu St.","Chaaral","Lilah","L8C 1S3"),(793,8993,"home","Ap #348-4086 Urna St.","Mattersburg","Timothy","791006"),(794,8994,"home","4074 Metus. Street","Beez","Arden","T2K 8G1"),(795,8995,"home","Ap #297-1507 Sit Street","Boston","Carter","33695"),(796,8996,"home","502-6891 Et Ave","Karapnar","Gavin","97115"),(797,8997,"home","P.O. Box 616, 5065 Auctor Av.","Vlissegem","Madaline","18249"),(798,8998,"home","637-8890 Mauris Road","Darbhanga","Demetria","8357"),(799,8999,"home","Ap #448-7116 Aliquam Road","Montleban","Allen","7835 CO"),(800,9000,"home","8071 Ipsum St.","Mornimont","Oscar","979698");
INSERT INTO Customer (CID,AddressID,AddressType,Street,City,cState,ZipCode) VALUES (801,9012,"home","P.O. Box 767, 6370 Interdum. Street","Agen","Sybil","68050"),(802,9013,"home","3577 Facilisis Av.","Latisana","Mira","13839"),(803,9014,"home","Ap #680-9909 Eu Road","Chaumont-Gistoux","Aidan","509951"),(804,9015,"home","Ap #597-3600 Nulla. Road","Newcastle-upon-Tyne","Lesley","P8S 3X7"),(805,9016,"home","P.O. Box 758, 9809 Arcu. Avenue","Hattem","Erich","11718"),(806,9017,"home","1147 Maecenas Rd.","Badalona","Justin","885742"),(807,9018,"home","981-8119 Vel, St.","Crawley","Hanna","1164"),(808,9019,"home","P.O. Box 312, 2590 Nunc Street","Patiala","Leilani","13-482"),(809,9020,"home","8959 Ligula. Ave","Purmerend","Cody","4913"),(810,9021,"home","1971 Libero St.","Stockholm","Dahlia","3233");
INSERT INTO Customer (CID,AddressID,AddressType,Street,City,cState,ZipCode) VALUES (811,9022,"home","Ap #619-6250 Cras Avenue","Moe","Destiny","013430"),(812,9023,"home","Ap #434-2964 Purus. St.","Filot","Ocean","551468"),(813,9024,"home","3118 Metus St.","Stirling","Ulric","40300"),(814,9025,"home","6506 Dolor Avenue","Pucn","Unity","680921"),(815,9026,"home","777-9152 Mollis Ave","Banbury","Cameran","13842"),(816,9027,"home","6325 Ullamcorper. Street","St. Andr","Carson","98-446"),(817,9028,"home","P.O. Box 598, 7136 Pellentesque Rd.","Arles","Sasha","1808"),(818,9029,"home","P.O. Box 292, 7504 Facilisis St.","Sutton","Angela","719661"),(819,9030,"home","495-9436 Dolor Av.","Waitakere","Molly","1708"),(820,9031,"home","Ap #195-2015 Vitae Rd.","Nocera Umbra","Brenden","46051");
INSERT INTO Customer (CID,AddressID,AddressType,Street,City,cState,ZipCode) VALUES (821,9032,"home","Ap #385-2208 Nec Av.","Ichtegem","Heidi","K7K 8T9"),(822,9033,"home","588-6897 In Rd.","Zele","Norman","28860"),(823,9034,"home","4333 Tortor. Road","Thurso","Maile","38506-303"),(824,9035,"home","9682 Arcu St.","Guelph","Aileen","L5K 2K4"),(825,9036,"home","P.O. Box 717, 5218 Sapien Street","Los Sauces","Jamal","88780"),(826,9037,"home","Ap #955-8747 Nullam Rd.","Caerphilly","Caldwell","71027"),(827,9038,"home","P.O. Box 620, 9685 Erat St.","Viranehir","Henry","55951"),(828,9039,"home","4908 Lectus Av.","Couture-Saint-Germain","Desirae","47035-007"),(829,9040,"home","9926 Proin Street","Los Sauces","Josephine","43646-178"),(830,9041,"home","243-3850 Lobortis Av.","Douai","Jesse","62607-691");
INSERT INTO Customer (CID,AddressID,AddressType,Street,City,cState,ZipCode) VALUES (831,9042,"home","P.O. Box 561, 728 Proin Road","Bredene","Ferris","Y33 1AT"),(832,9043,"home","Ap #232-4606 Et Road","Athens","Lael","3052"),(833,9044,"home","P.O. Box 952, 4753 Rutrum, Road","Castellana Sicula","Amos","51205"),(834,9045,"home","5908 Nullam Rd.","Norman","Merrill","V6E 6S1"),(835,9046,"home","956-2221 Mi Rd.","Dampremy","Brandon","5309"),(836,9047,"home","3491 Ipsum. St.","Marano Lagunare","Cadman","968543"),(837,9048,"home","Ap #319-7042 Nulla Avenue","Salem","Martena","16-596"),(838,9049,"home","7598 Diam St.","Hachy","Acton","44923"),(839,9050,"home","P.O. Box 367, 382 Vivamus St.","Wachtebeke","Yoko","3220"),(840,9051,"home","2953 Purus Rd.","San Rafael","Castor","89598-190");
INSERT INTO Customer (CID,AddressID,AddressType,Street,City,cState,ZipCode) VALUES (841,9052,"home","Ap #830-1378 Et, Ave","Palagianello","Henry","J7 9DW"),(842,9053,"home","417-6754 Adipiscing St.","Ternat","Harrison","10640"),(843,9054,"home","9196 Luctus Rd.","San Maurizio Canavese","Hedda","2361"),(844,9055,"home","Ap #587-7098 Dui. St.","Santa Luzia","Abbot","693744"),(845,9056,"home","Ap #100-5576 Scelerisque, St.","Savannah","Reuben","109193"),(846,9057,"home","9652 Ligula. Ave","Piana degli Albanesi","Giselle","03635"),(847,9058,"home","Ap #526-6850 Aliquam St.","Stamford","Jolie","07195"),(848,9059,"home","P.O. Box 268, 2931 Molestie Rd.","Trochu","Aphrodite","79040"),(849,9060,"home","P.O. Box 842, 2126 Mauris Avenue","Bischofshofen","Malik","34455"),(850,9061,"home","P.O. Box 220, 8189 Fringilla. Av.","Maryborough","Clinton","83355");
INSERT INTO Customer (CID,AddressID,AddressType,Street,City,cState,ZipCode) VALUES (851,9062,"home","385-9607 Primis St.","Bhuj","Summer","1283"),(852,9063,"home","Ap #826-4108 Duis Avenue","Richmond Hill","Summer","2042"),(853,9064,"home","Ap #481-9491 Habitant St.","Nashik","Felicia","3629"),(854,9065,"home","P.O. Box 494, 2850 Sed St.","Girona","Igor","40545"),(855,9066,"home","1162 Leo. St.","Haridwar","Macaulay","31402"),(856,9067,"home","P.O. Box 115, 3933 Amet St.","Graneros","Velma","634977"),(857,9068,"home","Ap #738-7070 Nunc, St.","Lienz","Wang","695296"),(858,9069,"home","Ap #187-7318 Elit Avenue","Davenport","Astra","61903"),(859,9070,"home","Ap #875-4638 Habitant Avenue","Oranienburg","William","644086"),(860,9071,"home","Ap #691-5841 Vel Avenue","Neder-Over-Heembeek","Sheila","77733");
INSERT INTO Customer (CID,AddressID,AddressType,Street,City,cState,ZipCode) VALUES (861,9072,"home","6050 Et, Av.","Ladispoli","Stuart","39-980"),(862,9073,"home","641-5726 Montes, Ave","Grembergen","Jonah","9177"),(863,9074,"home","Ap #469-9640 Faucibus Ave","Ligney","Carla","329676"),(864,9075,"home","4811 Justo. Road","Joliet","Nola","639110"),(865,9076,"home","2009 Turpis. Av.","Grand Falls","Martena","4128"),(866,9077,"home","6569 Duis Av.","Kohima","Baker","33855"),(867,9078,"home","6548 Enim St.","Fort Smith","Gabriel","60902"),(868,9079,"home","990-1832 Dui. St.","Marilles","Arden","01438"),(869,9080,"home","Ap #202-7695 Ridiculus St.","Goderich","Damon","8136"),(870,9081,"home","Ap #945-8020 At Avenue","Kuringen","Shay","655537");
INSERT INTO Customer (CID,AddressID,AddressType,Street,City,cState,ZipCode) VALUES (871,9082,"home","Ap #574-4426 Convallis St.","Gretna","Adam","80888"),(872,9083,"home","2063 Eu Av.","Anghiari","Isaac","7666"),(873,9084,"home","P.O. Box 134, 1984 Blandit Rd.","Bouwel","Inez","3321"),(874,9085,"home","P.O. Box 879, 8015 Urna Road","Ladispoli","Rhona","8093"),(875,9086,"home","1458 Molestie Rd.","Lanark County","Nadine","54211"),(876,9087,"home","5747 Hendrerit Rd.","Newport News","Debra","9132"),(877,9088,"home","P.O. Box 636, 9388 Libero. Av.","Hyderabad","Vivien","7741"),(878,9089,"home","P.O. Box 848, 4840 Sed Road","Penicuik","Phillip","4881"),(879,9090,"home","P.O. Box 374, 1061 Id, Ave","Lummen","Lee","21846"),(880,9091,"home","Ap #797-9616 Integer Avenue","Sassocorvaro","Octavius","76021");
INSERT INTO Customer (CID,AddressID,AddressType,Street,City,cState,ZipCode) VALUES (881,9092,"home","2988 Consectetuer Ave","Ledeberg","Curran","558692"),(882,9093,"home","P.O. Box 847, 4883 Eget Av.","San Giovanni in Galdo","Yoshi","21300"),(883,9094,"home","8354 Dolor Av.","Chestermere","Odysseus","54429"),(884,9095,"home","Ap #261-729 Fusce Avenue","Montresta","Dorian","21668"),(885,9096,"home","5191 Per Rd.","Wichelen","Dean","505481"),(886,9097,"home","732-5768 Magna, Rd.","Chittoor","Brooke","61509"),(887,9098,"home","584 Elit, St.","Orilla","Damon","31-148"),(888,9099,"home","4473 Phasellus Av.","Curacautn","Garrett","97524"),(889,9100,"home","6310 Purus. Rd.","Klagenfurt","Pascale","36842-679"),(890,9101,"home","405-2445 Egestas St.","Timkur","Phyllis","7815");
INSERT INTO Customer (CID,AddressID,AddressType,Street,City,cState,ZipCode) VALUES (891,9102,"home","357-4059 Semper Ave","Nemoli","Eden","D4 1TA"),(892,9103,"home","P.O. Box 884, 3307 Lacinia Av.","Zonhoven","Callum","27451"),(893,9104,"home","714-4866 Mi Avenue","Montresta","Heather","3436 XX"),(894,9105,"home","Ap #358-9762 Sit Avenue","Coinco","Zane","1441 XX"),(895,9106,"home","266-6945 Blandit Street","Bharatpur","Oscar","33570-512"),(896,9107,"home","Ap #473-891 Egestas Rd.","Clermont-Ferrand","Olivia","4287"),(897,9108,"home","Ap #906-626 Lorem, Rd.","Bruckneudorf","Lunea","38015"),(898,9109,"home","246-7163 Et, Av.","Herk-de-Stad","Rigel","44174"),(899,9110,"home","675 Nam Ave","Dollard-des-Ormeaux","Irene","65588"),(900,9111,"home","761-2784 Vitae St.","Curepto","Florence","16503");


--data for phone
INSERT INTO Customer (CID,PhoneType,PhoneNum) VALUES (1,"home","1659022854199"),(2,"home","1660061608799"),(3,"home","1636082527099"),(4,"home","1627062540199"),(5,"home","1622122395099"),(6,"home","1640030341499"),(7,"home","1611041867599"),(8,"home","1605021275499"),(9,"home","1692102401899"),(10,"home","1658041842999");
INSERT INTO Customer (CID,PhoneType,PhoneNum) VALUES (11,"home","1639051888699"),(12,"home","1600042716199"),(13,"home","1604072079899"),(14,"home","1650101175399"),(15,"home","1616011379599"),(16,"home","1652010871699"),(17,"home","1609030513299"),(18,"home","1650031401199"),(19,"home","1603122737999"),(20,"home","1632090237299");
INSERT INTO Customer (CID,PhoneType,PhoneNum) VALUES (21,"home","1648041792999"),(22,"home","1602030377699"),(23,"home","1692102617899"),(24,"home","1691111042999"),(25,"home","1626100999499"),(26,"home","1667041328699"),(27,"home","1615080299299"),(28,"home","1662121995299"),(29,"home","1651042266899"),(30,"home","1645041554799");
INSERT INTO Customer (CID,PhoneType,PhoneNum) VALUES (31,"home","1667072414199"),(32,"home","1658080486499"),(33,"home","1613090144999"),(34,"home","1673060433099"),(35,"home","1632022873099"),(36,"home","1688111969299"),(37,"home","1666010294099"),(38,"home","1666080891899"),(39,"home","1642110825999"),(40,"home","1636031043599");
INSERT INTO Customer (CID,PhoneType,PhoneNum) VALUES (41,"home","1652110916099"),(42,"home","1655030674899"),(43,"home","1609070198999"),(44,"home","1644103005899"),(45,"home","1638050597299"),(46,"home","1621111877499"),(47,"home","1652120915799"),(48,"home","1623112426999"),(49,"home","1685011748799"),(50,"home","1678071050599");
INSERT INTO Customer (CID,PhoneType,PhoneNum) VALUES (51,"home","1674050550499"),(52,"home","1658012496499"),(53,"home","1684060450599"),(54,"home","1601022251399"),(55,"home","1694051140699"),(56,"home","1679080612899"),(57,"home","1698091844899"),(58,"home","1698011907599"),(59,"home","1622110278899"),(60,"home","1651090696199");
INSERT INTO Customer (CID,PhoneType,PhoneNum) VALUES (61,"home","1638072908099"),(62,"home","1619091799399"),(63,"home","1643092867699"),(64,"home","1668120855199"),(65,"home","1676091522799"),(66,"home","1693040607899"),(67,"home","1696101043899"),(68,"home","1623061119299"),(69,"home","1629081781499"),(70,"home","1684090650099");
INSERT INTO Customer (CID,PhoneType,PhoneNum) VALUES (71,"home","1690121948699"),(72,"home","1626060844499"),(73,"home","1686033029399"),(74,"home","1689062516799"),(75,"home","1612052948099"),(76,"home","1689023010699"),(77,"home","1629091161199"),(78,"home","1645070167699"),(79,"home","1600010952499"),(80,"home","1604110493799");
INSERT INTO Customer (CID,PhoneType,PhoneNum) VALUES (81,"home","1623101978799"),(82,"home","1667051294499"),(83,"home","1698121744299"),(84,"home","1601121791399"),(85,"home","1617032198799"),(86,"home","1688091379999"),(87,"home","1642031881799"),(88,"home","1683080821699"),(89,"home","1682041798699"),(90,"home","1664010692299");
INSERT INTO Customer (CID,PhoneType,PhoneNum) VALUES (91,"home","1669041702599"),(92,"home","1683051911199"),(93,"home","1633090161199"),(94,"home","1662041877899"),(95,"home","1632120867299"),(96,"home","1689070229499"),(97,"home","1690121054799"),(98,"home","1654021001099"),(99,"home","1691063088999"),(100,"home","1649102066099");

--data for Hall Of Fame
INSERT INTO HallOfFame (CID, InductionDate, itemName, photograph) VALUES
  (1001, '1995-11-17', 'Cashew Shrimp', 1),
  (1002, '1997-08-25', 'Curry Chicken', 0),
  (1004, '1997-08-25', 'Shrimp Chop Suey', 1),
  (1005, '1997-08-25', 'Vegetable Chop Suey', 1),
  (1003, '1994-02-28', 'Moo Shu Shrimp', 1);

--data for Corporate
INSERT INTO Corporate (CID,AddressID,Organization) VALUES (901,9345,"Adipiscing Associates"),(902,9346,"Ipsum Suspendisse Non Industries"),(903,9347,"Varius Nam Ltd"),(904,9348,"Mauris Rhoncus Institute"),(905,9349,"Leo Cras Vehicula Inc."),(906,9350,"Quis Lectus Company"),(907,9351,"Rhoncus Inc."),(908,9352,"Donec Sollicitudin Limited"),(909,9353,"Nulla Integer Limited"),(910,9354,"Malesuada Malesuada Consulting");
INSERT INTO Corporate (CID,AddressID,Organization) VALUES (911,9355,"Et Netus Et Associates"),(912,9356,"Id Ante LLP"),(913,9357,"Curae; Phasellus Ornare Incorporated"),(914,9358,"Magnis PC"),(915,9359,"Vivamus Company"),(916,9360,"In Faucibus Morbi Ltd"),(917,9361,"Eu PC"),(918,9362,"A Purus Consulting"),(919,9363,"Ridiculus Mus LLP"),(920,9364,"Semper Tellus Id Corp.");
INSERT INTO Corporate (CID,AddressID,Organization) VALUES (921,9365,"Sit Amet Ante Industries"),(922,9366,"Elementum LLC"),(923,9367,"Nec Malesuada Company"),(924,9368,"Sapien Gravida Ltd"),(925,9369,"Adipiscing Mauris Molestie Associates"),(926,9370,"Adipiscing Foundation"),(927,9371,"Enim PC"),(928,9372,"Morbi Tristique LLC"),(929,9373,"Dictum Phasellus In Company"),(930,9374,"Sem Mollis Dui Industries");
INSERT INTO Corporate (CID,AddressID,Organization) VALUES (931,9375,"Ante Bibendum Ullamcorper Industries"),(932,9376,"Velit Corp."),(933,9377,"In Nec Orci Corporation"),(934,9378,"Elementum At Institute"),(935,9379,"Magna Lorem Institute"),(936,9380,"Quis Arcu Vel Corporation"),(937,9381,"Parturient Montes Consulting"),(938,9382,"Massa Industries"),(939,9383,"Lacus Ut Foundation"),(940,9384,"Mi Associates");
INSERT INTO Corporate (CID,AddressID,Organization) VALUES (941,9385,"Enim Nunc Incorporated"),(942,9386,"Quam Ltd"),(943,9387,"Dictum Magna Ut Consulting"),(944,9388,"Neque Corp."),(945,9389,"Ut Odio Vel PC"),(946,9390,"Magna Nam Institute"),(947,9391,"Nunc Inc."),(948,9392,"Natoque Penatibus LLP"),(949,9393,"Ridiculus Mus Proin PC"),(950,9394,"Fermentum Metus Institute");
INSERT INTO Corporate (CID,AddressID,Organization) VALUES (951,9395,"Vitae Consulting"),(952,9396,"Tincidunt Orci Corporation"),(953,9397,"Posuere Associates"),(954,9398,"Non Massa Associates"),(955,9399,"Phasellus Vitae Mauris Associates"),(956,9400,"Quis Institute"),(957,9401,"Orci LLP"),(958,9402,"Nunc Industries"),(959,9403,"Mauris Erat Eget Incorporated"),(960,9404,"Aliquet Magna A Ltd");
INSERT INTO Corporate (CID,AddressID,Organization) VALUES (961,9405,"Nec Imperdiet Limited"),(962,9406,"Ligula Aenean Gravida Associates"),(963,9407,"Integer Ltd"),(964,9408,"Eleifend LLC"),(965,9409,"Quisque Varius Nam LLC"),(966,9410,"Aliquet Molestie Tellus Associates"),(967,9411,"Nam Industries"),(968,9412,"Id Nunc Ltd"),(969,9413,"Duis Industries"),(970,9414,"Dui Fusce Incorporated");
INSERT INTO Corporate (CID,AddressID,Organization) VALUES (971,9415,"Mauris Magna Ltd"),(972,9416,"Pede PC"),(973,9417,"Pede Institute"),(974,9418,"Sem Limited"),(975,9419,"Nulla Company"),(976,9420,"Luctus Ipsum Industries"),(977,9421,"Fermentum Vel Foundation"),(978,9422,"Fermentum Foundation"),(979,9423,"Egestas Aliquam Company"),(980,9424,"Odio Tristique Pharetra LLP");
INSERT INTO Corporate (CID,AddressID,Organization) VALUES (981,9425,"Litora Torquent Corporation"),(982,9426,"Consectetuer Euismod LLC"),(983,9427,"Nunc In At Institute"),(984,9428,"Ut Company"),(985,9429,"Vitae Diam Company"),(986,9430,"Placerat Eget Corporation"),(987,9431,"Quisque Libero Lacus Incorporated"),(988,9432,"Sem Magna Ltd"),(989,9433,"Phasellus Ornare Fusce Corporation"),(990,9434,"Gravida Industries");
INSERT INTO Corporate (CID,AddressID,Organization) VALUES (991,9435,"Cras Vulputate Corp."),(992,9436,"Posuere Enim Corporation"),(993,9437,"At Foundation"),(994,9438,"Dolor Corporation"),(995,9439,"Dolor Fusce Corporation"),(996,9440,"Vehicula Aliquet Ltd"),(997,9441,"Accumsan Associates"),(998,9442,"Dignissim Lacus Consulting"),(999,9443,"Gravida Non Sollicitudin Foundation"),(1000,9444,"Sit Amet Faucibus Industries");


--data for employees
INSERT INTO Employee (EID, eName, jobTitle, DOB, shift) VALUES
  (001, 'Aarron Rodgers', 'HeadChef', DATE('1988-03-12'), 'AM'),
  (002, 'Tom Brady', 'HeadChef', DATE('1975-02-16'), 'PM'),
  (003, 'Jared Goff', 'SousChef', DATE('1994-06-06'), 'AM'),
  (004, 'Phillip Rivers', 'SousChef', DATE('1980-03-25'), 'AM'),
  (005, 'Jimmy Garropolo', 'SousChef', DATE('1993-11-11'), 'PM'),
  (006, 'Patrick Mahomes', 'SousChef', DATE('1995-05-11'), 'PM'),
  (007, 'Alex Smith', 'LineCook', DATE('1987-07-13'), 'AM'),
  (008, 'Dereck Carr', 'LineCook', DATE('1991-03-08'), 'AM'),
  (009, 'Kyler Murray', 'LineCook', DATE('1997-01-28'), 'AM'),
  (010, 'Joe Montana', 'LineCook', DATE('1965-11-01'), 'AM'),
  (011, 'Joe Theisman', 'LineCook', DATE('1963-02-02'), 'AM'),
  (012, 'Baker Mayfield', 'LineCook', DATE('1996-12-11'), 'PM'),
  (013, 'Drew Brees', 'LineCook', DATE('1978-01-03'), 'PM'),
  (014, 'Andrew Luck', 'LineCook', DATE('1988-05-27'), 'PM'),
  (015, 'Russell Wilson', 'LineCook', DATE('1985-02-06'), 'PM'),
  (016, 'Matt Ryan', 'LineCook', DATE('1987-04-04'), 'PM'),
  (017, 'Taylor Swift', 'DishWasher', DATE('1985-02-09'), 'AM'),
  (018, 'Sara Jones', 'DishWasher', DATE('1992-03-12'), 'AM'),
  (019, 'Emily Watson', 'DishWasher', DATE('1990-05-05'), 'AM'),
  (020, 'Jacob Little', 'DishWasher', DATE('1995-07-16'), 'AM'),
  (021, 'Alex Jones', 'DishWasher', DATE('1983-12-12'), 'AM'),
  (022, 'Tre Lyles', 'DishWasher', DATE('1989-06-09'), 'PM'),
  (023, 'Dantey Wilder', 'DishWasher', DATE('1987-12-03'), 'PM'),
  (024, 'Rebecca Smits', 'DishWasher', DATE('1985-02-09'), 'PM'),
  (025, 'Jeanie Busse', 'DishWasher', DATE('1978-05-11'), 'PM'),
  (026, 'Jackson Brown', 'DishWasher', DATE('1995-08-11'), 'PM'),
  (027, 'Lebron James', 'Manager', DATE('1984-12-30'), 'AM'),
  (028, 'Kevin Durant', 'Manager', DATE('1987-09-09'), 'PM'),
  (029, 'Steph Curry' , 'Maitre', DATE('1987-07-27'), 'AM'),
  (030, 'James Harden' , 'Maitre', DATE('1989-08-28'), 'AM'),
  (031, 'Kawhi Leonard' , 'Maitre', DATE('1990-09-14'), 'AM'),
  (032, 'Damian Lillard' , 'Maitre', DATE('1987-07-27'), 'AM'),
  (033, 'Nikola Jokic' , 'Maitre', DATE('1988-03-18'), 'PM'),
  (034, 'Paul George' , 'Maitre', DATE('1991-10-11'), 'PM'),
  (035, 'Russell Westsbrook' , 'Maitre', DATE('1987-07-27'), 'PM'),
  (036, 'Sharron Lilly' , 'Maitre', DATE('1957-10-12'), 'PM'),
  (037, 'Jaylen Brown' , 'WaitStaff', DATE('1996-12-03'), 'AM'),
  (038, 'Demar Derozan' , 'Waitstaff', DATE('1989-06-26'), 'AM'),
  (039, 'Leila Wright' , 'Waitstaff', DATE('1988-11-27'), 'AM'),
  (040, 'Kyle Lowry' , 'Waitstaff', DATE('1986-01-23'), 'AM'),
  (041, 'Pascal Siakam' , 'Waitstaff', DATE('1993-12-15'), 'AM'),
  (042, 'Marc Gasol' , 'Waitstaff', DATE('1983-07-11'), 'PM'),
  (043, 'Mary Neil' , 'Waitstaff', DATE('1995-03-06'), 'PM'),
  (044, 'Sandy Cheeks' , 'Waitstaff', DATE('1993-05-16'), 'PM'),
  (045, 'Ezio Salvatore' , 'Waitstaff', DATE('1975-06-21'), 'PM'),
  (046, 'Stacy Piagno' , 'Waitstaff', DATE('1986-04-27'), 'PM');

--data for Chef
INSERT INTO Chef (jobDescription, experience, rating, shift, salary, EID) VALUES
  ('professional cook who is paid to make food for a restaurant', 8, 9, 'AM', 100000.00, 001),
  ('professional cook who is paid to make food for a restaurant', 8, 8, 'PM', 100000.00, 002),
  ('second in command to the head chef', 5, 6, 'AM', 60000.00, 003),
  ('second in command to the head chef', 6, 7, 'AM', 60000.00, 004),
  ('second in command to the head chef', 4, 4, 'PM', 60000.00, 005),
  ('second in command to the head chef', 3, 4, 'PM', 60000.00, 006),
  ('cook that is assigned to a particular section of the kitchen', 2, 3, 'AM', 40000.00, 007),
  ('cook that is assigned to a particular section of the kitchen', 3, 1, 'AM', 40000.00, 008),
  ('cook that is assigned to a particular section of the kitchen', 2, 2, 'AM', 40000.00, 009),
  ('cook that is assigned to a particular section of the kitchen', 4, 4, 'AM', 40000.00, 010),
  ('cook that is assigned to a particular section of the kitchen', 2, 2, 'AM', 40000.00, 011),
  ('cook that is assigned to a particular section of the kitchen', 1, 1, 'PM', 40000.00, 012),
  ('cook that is assigned to a particular section of the kitchen', 5, 1, 'PM', 40000.00, 013),
  ('cook that is assigned to a particular section of the kitchen', 1, 7, 'PM', 40000.00, 014),
  ('cook that is assigned to a particular section of the kitchen', 5, 2, 'PM', 40000.00, 015),
  ('cook that is assigned to a particular section of the kitchen', 1, 3, 'PM', 40000.00, 016);

--data for Head Chef
INSERT INTO HeadChef (EID, recipes) VALUES
  (001, 'chicken, celery, cabbages, green onions, noodles'),
  (002, 'beef, broccoli, pepper');

--data for Sous Chef
INSERT INTO SousChef (EID, menuItems) VALUES
  (003, 'Beef w. Broccoli, Beef w. Satay Sauce, Beef w. Black Pepper Sauce, Beef w. Garlic Sauce'),
  (004, 'Stir Fried Vegetable'),
  (005, 'Szechuan Tofu'),
  (006, 'Pheonix Chicken');

--data for Line Cooks
INSERT INTO LineCook (EID, department) VALUES
  (007, 'roast chef'),
  (008, 'grill chef'),
  (009, 'pastry chef'),
  (010, 'pantry chef'),
  (011, 'saute chef'),
  (012, 'vegetable chef'),
  (013, 'fry cook'),
  (014, 'butcher'),
  (015, 'grill chef'),
  (016, 'fry cook');

--data for Dish Washer
INSERT INTO DishWasher (EID, hourlyRate) VALUES
  (017, 13.00),
  (018, 13.00),
  (019, 13.00),
  (020, 13.00),
  (021, 13.00),
  (022, 13.00),
  (023, 13.00),
  (024, 13.00),
  (025, 13.00),
  (026, 13.00);

--data for Managers
INSERT INTO Manager (EID, salary) VALUES
  (027, 87000.00),
  (028, 87000.00);

--data for Tables
INSERT INTO Tables (tables) VALUES
  ('1, 2, 3, 4'),
  ('5, 6, 7, 8'),
  ('9, 10, 11, 12'),
  ('13, 14, 15');

--data for Maitre'd
INSERT INTO Maitre (EID, tables, hourlyRate) VALUES
  --AM
  (029, '1, 2, 3, 4', 20.00 ),
  (030, '5, 6, 7, 8', 20.00),
  (031, '9, 10, 11, 12', 20.00),
  (032, '13, 14, 15', 20.00),
  --PM
  (033, '1, 2, 3, 4', 20.00),
  (034, '5, 6, 7, 8', 20.00),
  (035, '9, 10, 11, 12', 20.00),
  (036, '13, 14, 15', 20.00);

--data for Wait Staff
INSERT INTO WaitStaff (EID, hourlyRate) VALUES
  (037, 17.00),
  (038, 17.00),
  (039, 17.00),
  (040, 17.00),
  (041, 17.00),
  (042, 17.00),
  (043, 17.00),
  (044, 17.00),
  (045, 17.00),
  (046, 17.00);

--data for Mentorships
INSERT INTO Mentorships (EID, Mentor, menuItem, startDate, endDate) VALUES
  (005, 003, 'Curry Shrimp', DATE('2019-01-05'), DATE('2019-01-27')),
  (006, 004, 'Orange Beef', DATE('2019-03-07'), DATE('2019-04-28'));
